Workbook

Sheet OJC
A1: 광케이블 선번장
A3: 선로ID | B3: 605791445 | D3: 선로명 | N3: (철거예정)(기간망추가수용금지)B00-03 MD1~24(FC) | O3: 규격 | P3: 288C | S3: N/W구분 | T3: 혼합선로
A4: 시점 | B4: 8720H253 | O4: LOT No. | P4: 6178 | S4: 자산번호
A5: 종점 | B5: 인천간석사옥/인천종합국사(1층) | O5: 자재코드 | P5: 530058 | S5: 자재명 | T5: 광케이블,288C,가공
L6: 랙#B5-09_
A7: UNIT | B7: 선번 | C7: 구성상태 | D7: 코어ID | E7: 선번 | F7: 44-144 | G7: 44-288 | H7: 44-288-1 | I7: 46-288 | J7: 46-288-1 | K7: 115-144 | L7: MD선번 | M7: ofd선번 | N7: 코어명 | O7: 광선로감시여부 | P7: 장비OJC타입 | Q7: OJC(M) | R7: 장비 랙 | S7: 장비 | T7: 코어수용서비스상세 | U7: 수용서비스범위 | V7: 영향고객수 | W7: 연계회선번호 | X7: 가입자번호 | Y7: 단선(불량)여부 | Z7: 직결공사번호 | AA7: Network명 | AB7: Network ID | AC7: 상위국설치장소명 | AD7: 상위국장비모델 | AE7: 상위국장비명 | AF7: 상위국TID | AG7: 상위국AID(port) | AH7: 하위국설치장소명 | AI7: 하위국장비모델 | AJ7: 하위국장비명 | AK7: 하위국TID | AL7: 하위국AID(port)
A8: Unit#1 | F8: =IF(D8="(연결)","",VLOOKUP(D8,'44-144'!D:E,2,0)) | G8: =IF(D8="(연결)","",VLOOKUP(D8,'44-288'!D:E,2,0)) | H8: =IF(D8="(연결)","",VLOOKUP(D8,'44-288-1'!D:E,2,0)) | I8: =IF(D8="(연결)","",VLOOKUP(D8,'46-288'!D:E,2,0)) | J8: =IF(D8="(연결)","",VLOOKUP(D8,'46-288-1'!D:E,2,0)) | K8: =IF(D8="(연결)","",VLOOKUP(D8,'115-144'!D:E,2,0))
A9: 1 | B9: 1 | C9: 운영중(OK) | D9: 7053387 | E9: 1 | F9: =IF(D9="(연결)","",VLOOKUP(D9,'44-144'!D:E,2,0)) -> #N/A | G9: =IF(D9="(연결)","",VLOOKUP(D9,'44-288'!D:E,2,0)) -> #N/A | H9: =IF(D9="(연결)","",VLOOKUP(D9,'44-288-1'!D:E,2,0)) -> #N/A | I9: =IF(D9="(연결)","",VLOOKUP(D9,'46-288'!D:E,2,0)) -> #N/A | J9: =IF(D9="(연결)","",VLOOKUP(D9,'46-288-1'!D:E,2,0)) -> #N/A | K9: =IF(D9="(연결)","",VLOOKUP(D9,'115-144'!D:E,2,0)) -> 1 | L9: MD1-1 | M9: 1 | N9: 인천간석사옥/인천종합국사(1층)~인천종합국사_102093/102103_1_0_0_8821R052_2:8RN [인천종합국사_102103_1_0_0_8821R052_2:8RN] | O9: N | P9: LC/PC-SC/PC | Q9: 25 | R9: B2-1 | S9: V8500#2 | T9: FTTH 1차 RN | U9: 140810396 | V9: 4 | AC9: 인천간석사옥/인천종합국사(1층) | AD9: V8500 | AE9: H_TONGHAB-V8500-2-TPS | AF9: TONGHAB-V8500-2-TPS | AG9: 3 | AH9: 인천종합국사_102093/102103_1_0_0_8821R052_2:8RN | AI9: RN 2:8 | AJ9: 구월25셀_2:8RN_8821R052(가공형간석동1_210)_종합V5724#7_920 | AK9: 인천간석_207092/207102_1_0_0_8821R052(가공형간석동1_210)RN 2:8 | AL9: I_P1
A10: 1 | B10: 2 | C10: 운영중(OK) | D10: 7053386 | E10: 2 | F10: =IF(D10="(연결)","",VLOOKUP(D10,'44-144'!D:E,2,0)) -> #N/A | G10: =IF(D10="(연결)","",VLOOKUP(D10,'44-288'!D:E,2,0)) -> #N/A | H10: =IF(D10="(연결)","",VLOOKUP(D10,'44-288-1'!D:E,2,0)) -> #N/A | I10: =IF(D10="(연결)","",VLOOKUP(D10,'46-288'!D:E,2,0)) -> #N/A | J10: =IF(D10="(연결)","",VLOOKUP(D10,'46-288-1'!D:E,2,0)) -> #N/A | K10: =IF(D10="(연결)","",VLOOKUP(D10,'115-144'!D:E,2,0)) -> 2 | L10: MD1-2 | M10: 2 | N10: 인천간석사옥/인천종합국사(1층)~인천종합국사_111094/111104_1_0_0[8721X312] 2:8RN [인천종합국사_111104_1_0_0[8721X312] 2:8RN] | O10: N | P10: LC/PC-SC/PC | Q10: 25 | R10: B2-1 | S10: V8500#11 | T10: FTTH 1차 RN | U10: 201044967 | V10: 2 | AC10: 인천간석사옥/인천종합국사(1층) | AD10: V8500 | AE10: H_JongHab-V8500-11-SME | AF10: H_JongHab-V8500-11-SME | AG10: 4 | AH10: 인천종합국사_111094/111104_1_0_0[8721X312] 2:8RN | AI10: RN 2:8 | AJ10: 인천종합 GS/B8-02-1[8721X312] | AK10: 인천간석_208011/208021_1_0_0[8721X312] 2:8RN | AL10: I_P2
A11: 1 | B11: 3 | C11: (해지)운영중(OK) | D11: 7053389 | E11: 3 | F11: =IF(D11="(연결)","",VLOOKUP(D11,'44-144'!D:E,2,0)) -> #N/A | G11: =IF(D11="(연결)","",VLOOKUP(D11,'44-288'!D:E,2,0)) -> #N/A | H11: =IF(D11="(연결)","",VLOOKUP(D11,'44-288-1'!D:E,2,0)) -> #N/A | I11: =IF(D11="(연결)","",VLOOKUP(D11,'46-288'!D:E,2,0)) -> #N/A | J11: =IF(D11="(연결)","",VLOOKUP(D11,'46-288-1'!D:E,2,0)) -> #N/A | K11: =IF(D11="(연결)","",VLOOKUP(D11,'115-144'!D:E,2,0)) -> 3 | L11: - | N11: 인천간석사옥/인천종합국사(1층)~인천종합 GS/B?-??-1[8820A081] [인천종합 만수 MS/B?-??-1[8820A081]] | O11: N | Q11: 해지 | R11: 해지 | S11: 해지 | T11: FTTH 1차 RN | AC11: 인천간석사옥/인천종합국사(1층) | AH11: 인천종합 GS/B?-??-1[8820A081]
A12: 1 | B12: 4 | C12: 운영중(OK) | D12: 9842945 | E12: 4 | F12: =IF(D12="(연결)","",VLOOKUP(D12,'44-144'!D:E,2,0)) -> #N/A | G12: =IF(D12="(연결)","",VLOOKUP(D12,'44-288'!D:E,2,0)) -> 205 | H12: =IF(D12="(연결)","",VLOOKUP(D12,'44-288-1'!D:E,2,0)) -> #N/A | I12: =IF(D12="(연결)","",VLOOKUP(D12,'46-288'!D:E,2,0)) -> #N/A | J12: =IF(D12="(연결)","",VLOOKUP(D12,'46-288-1'!D:E,2,0)) -> #N/A | K12: =IF(D12="(연결)","",VLOOKUP(D12,'115-144'!D:E,2,0)) -> #N/A | L12: MD11-1 | M12: 241 | N12: 인천간석사옥/인천종합국사(1층)~500087838775_인천지하철2호선_모래내시장역/[중]남동구청역 지하2층 본선 [HLB_인천간석C3_3330A_만수_터_인천2호선(1500062728.1600209028.1500062761)] | O12: N | P12: LC/PC-LC/PC | Q12: 30 | R12: 4G DU C | S12: HLB_인천간석C3_3330A | T12: 기타 | AC12: 인천간석사옥/인천종합국사(1층) | AH12: 500087838775_인천지하철2호선_모래내시장역/[중]남동구청역 지하2층 본선
A13: 1 | B13: 5 | C13: 운영중(OK) | D13: 9842947 | E13: 5 | F13: =IF(D13="(연결)","",VLOOKUP(D13,'44-144'!D:E,2,0)) -> #N/A | G13: =IF(D13="(연결)","",VLOOKUP(D13,'44-288'!D:E,2,0)) -> 206 | H13: =IF(D13="(연결)","",VLOOKUP(D13,'44-288-1'!D:E,2,0)) -> #N/A | I13: =IF(D13="(연결)","",VLOOKUP(D13,'46-288'!D:E,2,0)) -> #N/A | J13: =IF(D13="(연결)","",VLOOKUP(D13,'46-288-1'!D:E,2,0)) -> #N/A | K13: =IF(D13="(연결)","",VLOOKUP(D13,'115-144'!D:E,2,0)) -> #N/A | L13: MD11-2 | M13: 242 | N13: 인천간석사옥/인천종합국사(1층)~500087838775_인천지하철2호선_모래내시장역/[중]남동구청역 지하2층 본선 [HLB_인천간석C3_3320A_만수_터_인천2호선(1500062727.1600209027.1500062760)] | O13: N | P13: LC/PC-LC/PC | Q13: 30 | R13: 4G DU C | S13: HLB_인천간석C3_3320A | T13: 기타 | AC13: 인천간석사옥/인천종합국사(1층) | AH13: 500087838775_인천지하철2호선_모래내시장역/[중]남동구청역 지하2층 본선
A14: 1 | B14: 6 | C14: 운영중(OK) | D14: 9842951 | E14: 6 | F14: =IF(D14="(연결)","",VLOOKUP(D14,'44-144'!D:E,2,0)) -> #N/A | G14: =IF(D14="(연결)","",VLOOKUP(D14,'44-288'!D:E,2,0)) -> 207 | H14: =IF(D14="(연결)","",VLOOKUP(D14,'44-288-1'!D:E,2,0)) -> #N/A | I14: =IF(D14="(연결)","",VLOOKUP(D14,'46-288'!D:E,2,0)) -> #N/A | J14: =IF(D14="(연결)","",VLOOKUP(D14,'46-288-1'!D:E,2,0)) -> #N/A | K14: =IF(D14="(연결)","",VLOOKUP(D14,'115-144'!D:E,2,0)) -> #N/A | L14: MD11-3 | M14: 243 | N14: 인천간석사옥/인천종합국사(1층)~500087838775_인천지하철2호선_모래내시장역/[중]남동구청역 지하2층 본선 [HLB_인천간석C3_3450A_만수_터_인천2호선(1500062730.1600209030.1500062763)] | O14: N | P14: LC/PC-LC/PC | Q14: 30 | R14: 4G DU C | S14: HLB_인천간석C3_3450A | T14: 기타 | AC14: 인천간석사옥/인천종합국사(1층) | AH14: 500087838775_인천지하철2호선_모래내시장역/[중]남동구청역 지하2층 본선
A15: 1 | B15: 7 | C15: 운영중(OK) | D15: 9842954 | E15: 7 | F15: =IF(D15="(연결)","",VLOOKUP(D15,'44-144'!D:E,2,0)) -> #N/A | G15: =IF(D15="(연결)","",VLOOKUP(D15,'44-288'!D:E,2,0)) -> 208 | H15: =IF(D15="(연결)","",VLOOKUP(D15,'44-288-1'!D:E,2,0)) -> #N/A | I15: =IF(D15="(연결)","",VLOOKUP(D15,'46-288'!D:E,2,0)) -> #N/A | J15: =IF(D15="(연결)","",VLOOKUP(D15,'46-288-1'!D:E,2,0)) -> #N/A | K15: =IF(D15="(연결)","",VLOOKUP(D15,'115-144'!D:E,2,0)) -> #N/A | L15: MD11-4 | M15: 244 | N15: 인천간석사옥/인천종합국사(1층)~500087838775_인천지하철2호선_모래내시장역/[중]남동구청역 지하2층 본선 [HLB_인천간석C3_3440A_만수_터_인천2호선(1500062729.1600209029.1500062762)] | O15: N | P15: LC/PC-LC/PC | Q15: 30 | R15: 4G DU C | S15: HLB_인천간석C3_3440A | T15: 기타 | AC15: 인천간석사옥/인천종합국사(1층) | AH15: 500087838775_인천지하철2호선_모래내시장역/[중]남동구청역 지하2층 본선
A16: 1 | B16: 8 | D16: (연결) | E16: 8 | F16: =IF(D16="(연결)","",VLOOKUP(D16,'44-144'!D:E,2,0)) | G16: =IF(D16="(연결)","",VLOOKUP(D16,'44-288'!D:E,2,0)) | H16: =IF(D16="(연결)","",VLOOKUP(D16,'44-288-1'!D:E,2,0)) | I16: =IF(D16="(연결)","",VLOOKUP(D16,'46-288'!D:E,2,0)) | J16: =IF(D16="(연결)","",VLOOKUP(D16,'46-288-1'!D:E,2,0)) | K16: =IF(D16="(연결)","",VLOOKUP(D16,'115-144'!D:E,2,0)) | N16: 인천종합국사(1층)(북인천분배센터)(뱅크)~[중접완료]8820A631#1 | O16: N
A17: 1 | B17: 9 | C17: 운영중(OK) | D17: 3060843859 | E17: 9 | F17: =IF(D17="(연결)","",VLOOKUP(D17,'44-144'!D:E,2,0)) -> #N/A | G17: =IF(D17="(연결)","",VLOOKUP(D17,'44-288'!D:E,2,0)) -> #N/A | H17: =IF(D17="(연결)","",VLOOKUP(D17,'44-288-1'!D:E,2,0)) -> #N/A | I17: =IF(D17="(연결)","",VLOOKUP(D17,'46-288'!D:E,2,0)) -> #N/A | J17: =IF(D17="(연결)","",VLOOKUP(D17,'46-288-1'!D:E,2,0)) -> #N/A | K17: =IF(D17="(연결)","",VLOOKUP(D17,'115-144'!D:E,2,0)) -> #N/A | N17: 인천간석사옥/인천종합국사(2층) [INIH]~간석동 우리은행(만수동지점)_500009389712/500208245586/500204869797_만수동금융센터 [간석동 우리은행(만수동지점)_500009389712/500208245586_만수동금융센터_B향] | O17: N | P17: LC/PC-FC/APC | Q17: 30 | R17: B8-7 | S17: UTRANS-1664_STM1U-16P/Port-P11 | T17: 기타 | AC17: 인천간석사옥/인천종합국사(2층) [INIH] | AD17: UTRANS-1664 | AF17: 우리은행 집선#1 | AG17: P11 | AH17: 간석동 우리은행(만수동지점)_500009389712/500208245586/500204869797_만수동금융센터 | AI17: 1646SMC(AC) | AJ17: 5WRB-ManSuDongGYC | AK17: 우리은행_만수동금융센터 | AL17: P2
A18: 1 | B18: 10 | C18: 운영중(OK) | D18: 3060843860 | E18: 10 | F18: =IF(D18="(연결)","",VLOOKUP(D18,'44-144'!D:E,2,0)) -> #N/A | G18: =IF(D18="(연결)","",VLOOKUP(D18,'44-288'!D:E,2,0)) -> #N/A | H18: =IF(D18="(연결)","",VLOOKUP(D18,'44-288-1'!D:E,2,0)) -> #N/A | I18: =IF(D18="(연결)","",VLOOKUP(D18,'46-288'!D:E,2,0)) -> #N/A | J18: =IF(D18="(연결)","",VLOOKUP(D18,'46-288-1'!D:E,2,0)) -> #N/A | K18: =IF(D18="(연결)","",VLOOKUP(D18,'115-144'!D:E,2,0)) -> #N/A | N18: 인천간석사옥/인천종합국사(2층) [INIH]~간석동 우리은행(만수동지점)_500009389712/500208245586/500204869797_만수동금융센터 [간석동 우리은행(만수동지점)_500009389712/500208245586_만수동금융센터_B향] | O18: N | P18: LC/PC-FC/APC | Q18: 30 | R18: B8-7 | S18: UTRANS-1664_STM1U-16P/Port-P11 | T18: 기타 | AC18: 인천간석사옥/인천종합국사(2층) [INIH] | AD18: UTRANS-1664 | AF18: 우리은행 집선#1 | AG18: P11 | AH18: 간석동 우리은행(만수동지점)_500009389712/500208245586/500204869797_만수동금융센터 | AI18: 1646SMC(AC) | AJ18: 5WRB-ManSuDongGYC | AK18: 우리은행_만수동금융센터 | AL18: P2
A19: 1 | B19: 11 | C19: 운영중(OK) | D19: 9842955 | E19: 11 | F19: =IF(D19="(연결)","",VLOOKUP(D19,'44-144'!D:E,2,0)) -> #N/A | G19: =IF(D19="(연결)","",VLOOKUP(D19,'44-288'!D:E,2,0)) -> 209 | H19: =IF(D19="(연결)","",VLOOKUP(D19,'44-288-1'!D:E,2,0)) -> #N/A | I19: =IF(D19="(연결)","",VLOOKUP(D19,'46-288'!D:E,2,0)) -> #N/A | J19: =IF(D19="(연결)","",VLOOKUP(D19,'46-288-1'!D:E,2,0)) -> #N/A | K19: =IF(D19="(연결)","",VLOOKUP(D19,'115-144'!D:E,2,0)) -> #N/A | L19: MD11-5 | M19: 245 | N19: 인천간석사옥/인천종합국사(1층)~500087838775_인천지하철2호선_모래내시장역/[중]남동구청역 지하2층 본선 [HLB_인천간석C4_3210A_남동구청_터_인천2호선(1500062732.1600209032.1500062765)] | O19: N | P19: LC/PC-LC/PC | Q19: 30 | R19: 4G DU C | S19: HLB_인천간석C4_3210A | T19: 기타 | AC19: 인천간석사옥/인천종합국사(1층) | AH19: 500087838775_인천지하철2호선_모래내시장역/[중]남동구청역 지하2층 본선
A20: 1 | B20: 12 | C20: 운영중(OK) | D20: 9842956 | E20: 12 | F20: =IF(D20="(연결)","",VLOOKUP(D20,'44-144'!D:E,2,0)) -> #N/A | G20: =IF(D20="(연결)","",VLOOKUP(D20,'44-288'!D:E,2,0)) -> 210 | H20: =IF(D20="(연결)","",VLOOKUP(D20,'44-288-1'!D:E,2,0)) -> #N/A | I20: =IF(D20="(연결)","",VLOOKUP(D20,'46-288'!D:E,2,0)) -> #N/A | J20: =IF(D20="(연결)","",VLOOKUP(D20,'46-288-1'!D:E,2,0)) -> #N/A | K20: =IF(D20="(연결)","",VLOOKUP(D20,'115-144'!D:E,2,0)) -> #N/A | L20: MD11-6 | M20: 246 | N20: 인천간석사옥/인천종합국사(1층)~500087838775_인천지하철2호선_모래내시장역/[중]남동구청역 지하2층 본선 [HLB_인천간석C4_3200A_남동구청_터_인천2호선(1500062711.1600209033.1500062764)] | O20: N | P20: LC/PC-LC/PC | Q20: 30 | R20: 4G DU C | S20: HLB_인천간석C4_3200A | T20: 기타 | AC20: 인천간석사옥/인천종합국사(1층) | AH20: 500087838775_인천지하철2호선_모래내시장역/[중]남동구청역 지하2층 본선
A21: Unit#2 | F21: =IF(D21="(연결)","",VLOOKUP(D21,'44-144'!D:E,2,0)) | G21: =IF(D21="(연결)","",VLOOKUP(D21,'44-288'!D:E,2,0)) | H21: =IF(D21="(연결)","",VLOOKUP(D21,'44-288-1'!D:E,2,0)) | I21: =IF(D21="(연결)","",VLOOKUP(D21,'46-288'!D:E,2,0)) | J21: =IF(D21="(연결)","",VLOOKUP(D21,'46-288-1'!D:E,2,0)) | K21: =IF(D21="(연결)","",VLOOKUP(D21,'115-144'!D:E,2,0))
A22: 2 | B22: 13 | D22: (연결) | E22: 13 | F22: =IF(D22="(연결)","",VLOOKUP(D22,'44-144'!D:E,2,0)) | G22: =IF(D22="(연결)","",VLOOKUP(D22,'44-288'!D:E,2,0)) | H22: =IF(D22="(연결)","",VLOOKUP(D22,'44-288-1'!D:E,2,0)) | I22: =IF(D22="(연결)","",VLOOKUP(D22,'46-288'!D:E,2,0)) | J22: =IF(D22="(연결)","",VLOOKUP(D22,'46-288-1'!D:E,2,0)) | K22: =IF(D22="(연결)","",VLOOKUP(D22,'115-144'!D:E,2,0)) | N22: ~ | O22: N
A23: 2 | B23: 14 | D23: (연결) | E23: 14 | F23: =IF(D23="(연결)","",VLOOKUP(D23,'44-144'!D:E,2,0)) | G23: =IF(D23="(연결)","",VLOOKUP(D23,'44-288'!D:E,2,0)) | H23: =IF(D23="(연결)","",VLOOKUP(D23,'44-288-1'!D:E,2,0)) | I23: =IF(D23="(연결)","",VLOOKUP(D23,'46-288'!D:E,2,0)) | J23: =IF(D23="(연결)","",VLOOKUP(D23,'46-288-1'!D:E,2,0)) | K23: =IF(D23="(연결)","",VLOOKUP(D23,'115-144'!D:E,2,0)) | N23: ~ | O23: N
A24: 2 | B24: 15 | C24: 운영중(OK) | D24: 9842957 | E24: 15 | F24: =IF(D24="(연결)","",VLOOKUP(D24,'44-144'!D:E,2,0)) -> #N/A | G24: =IF(D24="(연결)","",VLOOKUP(D24,'44-288'!D:E,2,0)) -> 211 | H24: =IF(D24="(연결)","",VLOOKUP(D24,'44-288-1'!D:E,2,0)) -> #N/A | I24: =IF(D24="(연결)","",VLOOKUP(D24,'46-288'!D:E,2,0)) -> #N/A | J24: =IF(D24="(연결)","",VLOOKUP(D24,'46-288-1'!D:E,2,0)) -> #N/A | K24: =IF(D24="(연결)","",VLOOKUP(D24,'115-144'!D:E,2,0)) -> #N/A | L24: MD11-7 | M24: 247 | N24: 인천간석사옥/인천종합국사(1층)~500087838775_인천지하철2호선_모래내시장역/[중]남동구청역 지하2층 본선 [HLB_인천간석C4_3330A_남동구청_승_인천2호선(1500062733.1600209034.1500062766)] | O24: N | P24: LC/PC-LC/PC | Q24: 30 | R24: 4G DU C | S24: HLB_인천간석C4_3330A | T24: 기타 | AC24: 인천간석사옥/인천종합국사(1층) | AH24: 500087838775_인천지하철2호선_모래내시장역/[중]남동구청역 지하2층 본선
A25: 2 | B25: 16 | C25: 운영중(OK) | D25: 9842970 | E25: 16 | F25: =IF(D25="(연결)","",VLOOKUP(D25,'44-144'!D:E,2,0)) -> #N/A | G25: =IF(D25="(연결)","",VLOOKUP(D25,'44-288'!D:E,2,0)) -> 212 | H25: =IF(D25="(연결)","",VLOOKUP(D25,'44-288-1'!D:E,2,0)) -> #N/A | I25: =IF(D25="(연결)","",VLOOKUP(D25,'46-288'!D:E,2,0)) -> #N/A | J25: =IF(D25="(연결)","",VLOOKUP(D25,'46-288-1'!D:E,2,0)) -> #N/A | K25: =IF(D25="(연결)","",VLOOKUP(D25,'115-144'!D:E,2,0)) -> #N/A | L25: MD11-8 | M25: 248 | N25: 인천간석사옥/인천종합국사(1층)~500087838775_인천지하철2호선_모래내시장역/[중]남동구청역 지하2층 본선 [HLB_인천간석C4_3320A_남동구청_대_인천2호선(1500062731.1600209031.1500062744)] | O25: N | P25: LC/PC-LC/PC | Q25: 30 | R25: 4G DU C | S25: HLB_인천간석C4_3320A | T25: 기타 | AC25: 인천간석사옥/인천종합국사(1층) | AH25: 500087838775_인천지하철2호선_모래내시장역/[중]남동구청역 지하2층 본선
A26: 2 | B26: 17 | D26: (연결) | E26: 17 | F26: =IF(D26="(연결)","",VLOOKUP(D26,'44-144'!D:E,2,0)) | G26: =IF(D26="(연결)","",VLOOKUP(D26,'44-288'!D:E,2,0)) | H26: =IF(D26="(연결)","",VLOOKUP(D26,'44-288-1'!D:E,2,0)) | I26: =IF(D26="(연결)","",VLOOKUP(D26,'46-288'!D:E,2,0)) | J26: =IF(D26="(연결)","",VLOOKUP(D26,'46-288-1'!D:E,2,0)) | K26: =IF(D26="(연결)","",VLOOKUP(D26,'115-144'!D:E,2,0)) | N26: ~ | O26: N
A27: 2 | B27: 18 | D27: (연결) | E27: 18 | F27: =IF(D27="(연결)","",VLOOKUP(D27,'44-144'!D:E,2,0)) | G27: =IF(D27="(연결)","",VLOOKUP(D27,'44-288'!D:E,2,0)) | H27: =IF(D27="(연결)","",VLOOKUP(D27,'44-288-1'!D:E,2,0)) | I27: =IF(D27="(연결)","",VLOOKUP(D27,'46-288'!D:E,2,0)) | J27: =IF(D27="(연결)","",VLOOKUP(D27,'46-288-1'!D:E,2,0)) | K27: =IF(D27="(연결)","",VLOOKUP(D27,'115-144'!D:E,2,0)) | N27: ~ | O27: N
A28: 2 | B28: 19 | C28: 운영중(OK) | D28: 3061840392 | E28: 19 | F28: =IF(D28="(연결)","",VLOOKUP(D28,'44-144'!D:E,2,0)) -> 71 | G28: =IF(D28="(연결)","",VLOOKUP(D28,'44-288'!D:E,2,0)) -> #N/A | H28: =IF(D28="(연결)","",VLOOKUP(D28,'44-288-1'!D:E,2,0)) -> #N/A | I28: =IF(D28="(연결)","",VLOOKUP(D28,'46-288'!D:E,2,0)) -> #N/A | J28: =IF(D28="(연결)","",VLOOKUP(D28,'46-288-1'!D:E,2,0)) -> #N/A | K28: =IF(D28="(연결)","",VLOOKUP(D28,'115-144'!D:E,2,0)) -> #N/A | L28: MD12-23 | M28: 287 | N28: 인천간석사옥/인천종합국사(1층)~500104297707/500252399656_인천발달장애인훈련센터 [[PTN][95INIHCA51 S.1-P2 ~ 95KEADBD_INC S.1-P1] [500252399656_인천발달장애인훈련센터]] | O28: N | P28: LC/PC-LC/PC | Q28: 30 | R28: A00-09 | S28: UTRANS-7320_GX8/Port-P2 | T28: 기타 | AC28: 인천간석사옥/인천종합국사(1층) | AD28: UTRANS-7320 | AE28: 95INIHCA51 | AF28: 95INIHCA51 | AG28: P2 | AH28: 500104297707/500252399656_인천발달장애인훈련센터 | AI28: UTRANS-7400C2 | AJ28: 95KEADBD_INC | AK28: 95KEADBD_INC | AL28: P1
A29: 2 | B29: 20 | C29: 운영중(OK) | D29: 3061840393 | E29: 20 | F29: =IF(D29="(연결)","",VLOOKUP(D29,'44-144'!D:E,2,0)) -> 72 | G29: =IF(D29="(연결)","",VLOOKUP(D29,'44-288'!D:E,2,0)) -> #N/A | H29: =IF(D29="(연결)","",VLOOKUP(D29,'44-288-1'!D:E,2,0)) -> #N/A | I29: =IF(D29="(연결)","",VLOOKUP(D29,'46-288'!D:E,2,0)) -> #N/A | J29: =IF(D29="(연결)","",VLOOKUP(D29,'46-288-1'!D:E,2,0)) -> #N/A | K29: =IF(D29="(연결)","",VLOOKUP(D29,'115-144'!D:E,2,0)) -> #N/A | L29: MD12-24 | M29: 288 | N29: 인천간석사옥/인천종합국사(1층)~500104297707/500252399656_인천발달장애인훈련센터 [[PTN][95INIHCA51 S.1-P2 ~ 95KEADBD_INC S.1-P1] [500252399656_인천발달장애인훈련센터]] | O29: N | P29: LC/PC-LC/PC | Q29: 30 | R29: A00-09 | S29: UTRANS-7320_GX8/Port-P2 | T29: 기타 | AC29: 인천간석사옥/인천종합국사(1층) | AD29: UTRANS-7320 | AE29: 95INIHCA51 | AF29: 95INIHCA51 | AG29: P2 | AH29: 500104297707/500252399656_인천발달장애인훈련센터 | AI29: UTRANS-7400C2 | AJ29: 95KEADBD_INC | AK29: 95KEADBD_INC | AL29: P1
A30: 2 | B30: 21 | D30: (연결) | E30: 21 | F30: =IF(D30="(연결)","",VLOOKUP(D30,'44-144'!D:E,2,0)) | G30: =IF(D30="(연결)","",VLOOKUP(D30,'44-288'!D:E,2,0)) | H30: =IF(D30="(연결)","",VLOOKUP(D30,'44-288-1'!D:E,2,0)) | I30: =IF(D30="(연결)","",VLOOKUP(D30,'46-288'!D:E,2,0)) | J30: =IF(D30="(연결)","",VLOOKUP(D30,'46-288-1'!D:E,2,0)) | K30: =IF(D30="(연결)","",VLOOKUP(D30,'115-144'!D:E,2,0)) | N30: ~ | O30: N
A31: 2 | B31: 22 | D31: (연결) | E31: 22 | F31: =IF(D31="(연결)","",VLOOKUP(D31,'44-144'!D:E,2,0)) | G31: =IF(D31="(연결)","",VLOOKUP(D31,'44-288'!D:E,2,0)) | H31: =IF(D31="(연결)","",VLOOKUP(D31,'44-288-1'!D:E,2,0)) | I31: =IF(D31="(연결)","",VLOOKUP(D31,'46-288'!D:E,2,0)) | J31: =IF(D31="(연결)","",VLOOKUP(D31,'46-288-1'!D:E,2,0)) | K31: =IF(D31="(연결)","",VLOOKUP(D31,'115-144'!D:E,2,0)) | N31: ~ | O31: N
A32: 2 | B32: 23 | D32: (연결) | E32: 23 | F32: =IF(D32="(연결)","",VLOOKUP(D32,'44-144'!D:E,2,0)) | G32: =IF(D32="(연결)","",VLOOKUP(D32,'44-288'!D:E,2,0)) | H32: =IF(D32="(연결)","",VLOOKUP(D32,'44-288-1'!D:E,2,0)) | I32: =IF(D32="(연결)","",VLOOKUP(D32,'46-288'!D:E,2,0)) | J32: =IF(D32="(연결)","",VLOOKUP(D32,'46-288-1'!D:E,2,0)) | K32: =IF(D32="(연결)","",VLOOKUP(D32,'115-144'!D:E,2,0)) | N32: ~ | O32: N
A33: 2 | B33: 24 | D33: (연결) | E33: 24 | F33: =IF(D33="(연결)","",VLOOKUP(D33,'44-144'!D:E,2,0)) | G33: =IF(D33="(연결)","",VLOOKUP(D33,'44-288'!D:E,2,0)) | H33: =IF(D33="(연결)","",VLOOKUP(D33,'44-288-1'!D:E,2,0)) | I33: =IF(D33="(연결)","",VLOOKUP(D33,'46-288'!D:E,2,0)) | J33: =IF(D33="(연결)","",VLOOKUP(D33,'46-288-1'!D:E,2,0)) | K33: =IF(D33="(연결)","",VLOOKUP(D33,'115-144'!D:E,2,0)) | N33: ~ | O33: N
A34: Unit#3 | F34: =IF(D34="(연결)","",VLOOKUP(D34,'44-144'!D:E,2,0)) | G34: =IF(D34="(연결)","",VLOOKUP(D34,'44-288'!D:E,2,0)) | H34: =IF(D34="(연결)","",VLOOKUP(D34,'44-288-1'!D:E,2,0)) | I34: =IF(D34="(연결)","",VLOOKUP(D34,'46-288'!D:E,2,0)) | J34: =IF(D34="(연결)","",VLOOKUP(D34,'46-288-1'!D:E,2,0)) | K34: =IF(D34="(연결)","",VLOOKUP(D34,'115-144'!D:E,2,0))
A35: 3 | B35: 25 | D35: (연결) | E35: 25 | F35: =IF(D35="(연결)","",VLOOKUP(D35,'44-144'!D:E,2,0)) | G35: =IF(D35="(연결)","",VLOOKUP(D35,'44-288'!D:E,2,0)) | H35: =IF(D35="(연결)","",VLOOKUP(D35,'44-288-1'!D:E,2,0)) | I35: =IF(D35="(연결)","",VLOOKUP(D35,'46-288'!D:E,2,0)) | J35: =IF(D35="(연결)","",VLOOKUP(D35,'46-288-1'!D:E,2,0)) | K35: =IF(D35="(연결)","",VLOOKUP(D35,'115-144'!D:E,2,0)) | N35: 8820C421[8820C415 사각H]~인천간석사옥/인천종합국사(1층) | O35: N
A36: 3 | B36: 26 | D36: (연결) | E36: 26 | F36: =IF(D36="(연결)","",VLOOKUP(D36,'44-144'!D:E,2,0)) | G36: =IF(D36="(연결)","",VLOOKUP(D36,'44-288'!D:E,2,0)) | H36: =IF(D36="(연결)","",VLOOKUP(D36,'44-288-1'!D:E,2,0)) | I36: =IF(D36="(연결)","",VLOOKUP(D36,'46-288'!D:E,2,0)) | J36: =IF(D36="(연결)","",VLOOKUP(D36,'46-288-1'!D:E,2,0)) | K36: =IF(D36="(연결)","",VLOOKUP(D36,'115-144'!D:E,2,0)) | N36: 인천간석사옥/인천종합국사(1층)~8820P291[8720P291] | O36: N
A37: 3 | B37: 27 | D37: (연결) | E37: 27 | F37: =IF(D37="(연결)","",VLOOKUP(D37,'44-144'!D:E,2,0)) | G37: =IF(D37="(연결)","",VLOOKUP(D37,'44-288'!D:E,2,0)) | H37: =IF(D37="(연결)","",VLOOKUP(D37,'44-288-1'!D:E,2,0)) | I37: =IF(D37="(연결)","",VLOOKUP(D37,'46-288'!D:E,2,0)) | J37: =IF(D37="(연결)","",VLOOKUP(D37,'46-288-1'!D:E,2,0)) | K37: =IF(D37="(연결)","",VLOOKUP(D37,'115-144'!D:E,2,0)) | N37: 인천간석사옥/인천종합국사(1층)~8820P291[8720P291] | O37: N
A38: 3 | B38: 28 | D38: (연결) | E38: 28 | F38: =IF(D38="(연결)","",VLOOKUP(D38,'44-144'!D:E,2,0)) | G38: =IF(D38="(연결)","",VLOOKUP(D38,'44-288'!D:E,2,0)) | H38: =IF(D38="(연결)","",VLOOKUP(D38,'44-288-1'!D:E,2,0)) | I38: =IF(D38="(연결)","",VLOOKUP(D38,'46-288'!D:E,2,0)) | J38: =IF(D38="(연결)","",VLOOKUP(D38,'46-288-1'!D:E,2,0)) | K38: =IF(D38="(연결)","",VLOOKUP(D38,'115-144'!D:E,2,0)) | N38: 인천간석사옥/인천종합국사(1층)~8820P291[8720P291] | O38: N
A39: 3 | B39: 29 | D39: (연결) | E39: 29 | F39: =IF(D39="(연결)","",VLOOKUP(D39,'44-144'!D:E,2,0)) | G39: =IF(D39="(연결)","",VLOOKUP(D39,'44-288'!D:E,2,0)) | H39: =IF(D39="(연결)","",VLOOKUP(D39,'44-288-1'!D:E,2,0)) | I39: =IF(D39="(연결)","",VLOOKUP(D39,'46-288'!D:E,2,0)) | J39: =IF(D39="(연결)","",VLOOKUP(D39,'46-288-1'!D:E,2,0)) | K39: =IF(D39="(연결)","",VLOOKUP(D39,'115-144'!D:E,2,0)) | N39: 8820C421[8820C415 사각H]~인천간석사옥/인천종합국사(1층) | O39: N
A40: 3 | B40: 30 | D40: (연결) | E40: 30 | F40: =IF(D40="(연결)","",VLOOKUP(D40,'44-144'!D:E,2,0)) | G40: =IF(D40="(연결)","",VLOOKUP(D40,'44-288'!D:E,2,0)) | H40: =IF(D40="(연결)","",VLOOKUP(D40,'44-288-1'!D:E,2,0)) | I40: =IF(D40="(연결)","",VLOOKUP(D40,'46-288'!D:E,2,0)) | J40: =IF(D40="(연결)","",VLOOKUP(D40,'46-288-1'!D:E,2,0)) | K40: =IF(D40="(연결)","",VLOOKUP(D40,'115-144'!D:E,2,0)) | N40: 8820C421[8820C415 사각H]~인천간석사옥/인천종합국사(1층) | O40: N
A41: 3 | B41: 31 | D41: (연결) | E41: 31 | F41: =IF(D41="(연결)","",VLOOKUP(D41,'44-144'!D:E,2,0)) | G41: =IF(D41="(연결)","",VLOOKUP(D41,'44-288'!D:E,2,0)) | H41: =IF(D41="(연결)","",VLOOKUP(D41,'44-288-1'!D:E,2,0)) | I41: =IF(D41="(연결)","",VLOOKUP(D41,'46-288'!D:E,2,0)) | J41: =IF(D41="(연결)","",VLOOKUP(D41,'46-288-1'!D:E,2,0)) | K41: =IF(D41="(연결)","",VLOOKUP(D41,'115-144'!D:E,2,0)) | N41: 인천간석사옥/인천종합국사(1층)~8820P291[8720P291] | O41: N
A42: 3 | B42: 32 | D42: (연결) | E42: 32 | F42: =IF(D42="(연결)","",VLOOKUP(D42,'44-144'!D:E,2,0)) | G42: =IF(D42="(연결)","",VLOOKUP(D42,'44-288'!D:E,2,0)) | H42: =IF(D42="(연결)","",VLOOKUP(D42,'44-288-1'!D:E,2,0)) | I42: =IF(D42="(연결)","",VLOOKUP(D42,'46-288'!D:E,2,0)) | J42: =IF(D42="(연결)","",VLOOKUP(D42,'46-288-1'!D:E,2,0)) | K42: =IF(D42="(연결)","",VLOOKUP(D42,'115-144'!D:E,2,0)) | N42: 인천간석사옥/인천종합국사(1층)~8820P291[8720P291] | O42: N
A43: 3 | B43: 33 | D43: (연결) | E43: 33 | F43: =IF(D43="(연결)","",VLOOKUP(D43,'44-144'!D:E,2,0)) | G43: =IF(D43="(연결)","",VLOOKUP(D43,'44-288'!D:E,2,0)) | H43: =IF(D43="(연결)","",VLOOKUP(D43,'44-288-1'!D:E,2,0)) | I43: =IF(D43="(연결)","",VLOOKUP(D43,'46-288'!D:E,2,0)) | J43: =IF(D43="(연결)","",VLOOKUP(D43,'46-288-1'!D:E,2,0)) | K43: =IF(D43="(연결)","",VLOOKUP(D43,'115-144'!D:E,2,0)) | N43: ~ | O43: N
A44: 3 | B44: 34 | D44: (연결) | E44: 34 | F44: =IF(D44="(연결)","",VLOOKUP(D44,'44-144'!D:E,2,0)) | G44: =IF(D44="(연결)","",VLOOKUP(D44,'44-288'!D:E,2,0)) | H44: =IF(D44="(연결)","",VLOOKUP(D44,'44-288-1'!D:E,2,0)) | I44: =IF(D44="(연결)","",VLOOKUP(D44,'46-288'!D:E,2,0)) | J44: =IF(D44="(연결)","",VLOOKUP(D44,'46-288-1'!D:E,2,0)) | K44: =IF(D44="(연결)","",VLOOKUP(D44,'115-144'!D:E,2,0)) | N44: ~ | O44: N
A45: 3 | B45: 35 | D45: (연결) | E45: 35 | F45: =IF(D45="(연결)","",VLOOKUP(D45,'44-144'!D:E,2,0)) | G45: =IF(D45="(연결)","",VLOOKUP(D45,'44-288'!D:E,2,0)) | H45: =IF(D45="(연결)","",VLOOKUP(D45,'44-288-1'!D:E,2,0)) | I45: =IF(D45="(연결)","",VLOOKUP(D45,'46-288'!D:E,2,0)) | J45: =IF(D45="(연결)","",VLOOKUP(D45,'46-288-1'!D:E,2,0)) | K45: =IF(D45="(연결)","",VLOOKUP(D45,'115-144'!D:E,2,0)) | N45: 8820C415[자가맨홀]~인천간석국사(2층) [INIH] / 인천종합 | O45: N
A46: 3 | B46: 36 | C46: 운영중(OK) | D46: 3060041354 | E46: 36 | F46: =IF(D46="(연결)","",VLOOKUP(D46,'44-144'!D:E,2,0)) -> #N/A | G46: =IF(D46="(연결)","",VLOOKUP(D46,'44-288'!D:E,2,0)) -> #N/A | H46: =IF(D46="(연결)","",VLOOKUP(D46,'44-288-1'!D:E,2,0)) -> #N/A | I46: =IF(D46="(연결)","",VLOOKUP(D46,'46-288'!D:E,2,0)) -> #N/A | J46: =IF(D46="(연결)","",VLOOKUP(D46,'46-288-1'!D:E,2,0)) -> #N/A | K46: =IF(D46="(연결)","",VLOOKUP(D46,'115-144'!D:E,2,0)) -> 36 | L46: MD2-12 | M46: 36 | N46: 인천간석사옥/인천종합국사(1층)~인천간석_104053_1_0_0_8820C452_1-3-8:4 가공형_FULL [인천간석_104018_1_0_0_8820C452_1-3-8:4 가공형] | O46: N | P46: LC/PC-SC/PC | Q46: 25 | R46: B2-4 | S46: V8500#4 | T46: FTTH 1차 RN | U46: 140834095,140845914,140846142 | V46: 38 | AC46: 인천간석사옥/인천종합국사(1층) | AD46: V8500 | AE46: H_TONGHAB-V8500-4-TPS | AF46: H_TONGHAB-V8500-4-TPS | AG46: 3 | AH46: 인천간석_104053_1_0_0_8820C452_1-3-8:4 가공형_FULL | AI46: RN 1-3-8:4 | AK46: 인천간석_104053_1_0_0_8820C452_1-3-8:4 가공형_FULL_RN 1-3-8:4 | AL46: I_P1
A47: Unit#4 | F47: =IF(D47="(연결)","",VLOOKUP(D47,'44-144'!D:E,2,0)) | G47: =IF(D47="(연결)","",VLOOKUP(D47,'44-288'!D:E,2,0)) | H47: =IF(D47="(연결)","",VLOOKUP(D47,'44-288-1'!D:E,2,0)) | I47: =IF(D47="(연결)","",VLOOKUP(D47,'46-288'!D:E,2,0)) | J47: =IF(D47="(연결)","",VLOOKUP(D47,'46-288-1'!D:E,2,0)) | K47: =IF(D47="(연결)","",VLOOKUP(D47,'115-144'!D:E,2,0))
A48: 4 | B48: 37 | C48: 운영중(OK) | D48: 3061131342 | E48: 37 | F48: =IF(D48="(연결)","",VLOOKUP(D48,'44-144'!D:E,2,0)) -> #N/A | G48: =IF(D48="(연결)","",VLOOKUP(D48,'44-288'!D:E,2,0)) -> #N/A | H48: =IF(D48="(연결)","",VLOOKUP(D48,'44-288-1'!D:E,2,0)) -> #N/A | I48: =IF(D48="(연결)","",VLOOKUP(D48,'46-288'!D:E,2,0)) -> #N/A | J48: =IF(D48="(연결)","",VLOOKUP(D48,'46-288-1'!D:E,2,0)) -> #N/A | K48: =IF(D48="(연결)","",VLOOKUP(D48,'115-144'!D:E,2,0)) -> #N/A | N48: 인천간석사옥/인천종합국사(1층)~인천간석_106074_1_0_0_8720H251_1-3-8:4가공형_10G+인천간석_109017_1_0_0_8720H251_1-3-8C_10G [인천종합국사(1층)(북구분배센터)(뱅크)~인천간석_106074_1_0_0_8720H251_1-3-8:4가공형 10G_전주_RN 1-3-8:4] | O48: N | P48: LC/PC-SC/PC | Q48: 25 | R48: B2-1 | S48: V8500#9 | T48: FTTH 1차 RN | U48: 201085539 | V48: 44 | AC48: 인천간석사옥/인천종합국사(1층) | AD48: V8500 | AE48: H_JONGHAB-V8500-6-TPS | AF48: H_JONGHAB-V8500-6-TPS | AG48: 4 | AH48: 인천간석_106074_1_0_0_8720H251_1-3-8:4가공형_10G+인천간석_109017_1_0_0_8720H251_1-3-8C_10G | AI48: RN 1-3-8:4 | AK48: 인천간석_106074_1_0_0_8720H251_1-3-8:4가공형 10G_전주_RN 1-3-8:4 | AL48: I_P1
A49: 4 | B49: 38 | C49: 운영중(OK) | D49: 3063551076 | E49: 38 | F49: =IF(D49="(연결)","",VLOOKUP(D49,'44-144'!D:E,2,0)) -> #N/A | G49: =IF(D49="(연결)","",VLOOKUP(D49,'44-288'!D:E,2,0)) -> #N/A | H49: =IF(D49="(연결)","",VLOOKUP(D49,'44-288-1'!D:E,2,0)) -> #N/A | I49: =IF(D49="(연결)","",VLOOKUP(D49,'46-288'!D:E,2,0)) -> #N/A | J49: =IF(D49="(연결)","",VLOOKUP(D49,'46-288-1'!D:E,2,0)) -> #N/A | K49: =IF(D49="(연결)","",VLOOKUP(D49,'115-144'!D:E,2,0)) -> #N/A | N49: 인천간석사옥/인천종합국사(1층)~인천간석_106074_1_0_0_8720H251_1-3-8:4가공형_10G+인천간석_109017_1_0_0_8720H251_1-3-8C_10G [인천간석_109017_1_0_0_8720H251_1-3-8C_10G] | O49: N | P49: LC/PC-SC/PC | Q49: 25 | R49: B2-5 | S49: V8500#9 | T49: FTTH 1차 RN | U49: 201943709 | AC49: 인천간석사옥/인천종합국사(1층) | AD49: V8500M | AE49: H_JongHab-V8500M-9-TPS | AF49: H_JongHab-V8500M-9-TPS | AG49: 7 | AH49: 인천간석_106074_1_0_0_8720H251_1-3-8:4가공형_10G+인천간석_109017_1_0_0_8720H251_1-3-8C_10G | AI49: RN,Splitter,1-3,Non-콘넥터Type(new) | AK49: 인천간석_109017_1_0_0_8720H251_1-3-8C_전주_RN,Splitter,1-3,Non-콘넥터Type(new) | AL49: I_P1
A50: 4 | B50: 39 | D50: (연결) | E50: 39 | F50: =IF(D50="(연결)","",VLOOKUP(D50,'44-144'!D:E,2,0)) | G50: =IF(D50="(연결)","",VLOOKUP(D50,'44-288'!D:E,2,0)) | H50: =IF(D50="(연결)","",VLOOKUP(D50,'44-288-1'!D:E,2,0)) | I50: =IF(D50="(연결)","",VLOOKUP(D50,'46-288'!D:E,2,0)) | J50: =IF(D50="(연결)","",VLOOKUP(D50,'46-288-1'!D:E,2,0)) | K50: =IF(D50="(연결)","",VLOOKUP(D50,'115-144'!D:E,2,0)) | N50: 인천간석사옥/인천종합국사(2층) [INIH]~8820P291[8720P291] | O50: N
A51: 4 | B51: 40 | D51: (연결) | E51: 40 | F51: =IF(D51="(연결)","",VLOOKUP(D51,'44-144'!D:E,2,0)) | G51: =IF(D51="(연결)","",VLOOKUP(D51,'44-288'!D:E,2,0)) | H51: =IF(D51="(연결)","",VLOOKUP(D51,'44-288-1'!D:E,2,0)) | I51: =IF(D51="(연결)","",VLOOKUP(D51,'46-288'!D:E,2,0)) | J51: =IF(D51="(연결)","",VLOOKUP(D51,'46-288-1'!D:E,2,0)) | K51: =IF(D51="(연결)","",VLOOKUP(D51,'115-144'!D:E,2,0)) | N51: 인천간석사옥/인천종합국사(2층) [INIH]~8820P291[8720P291] | O51: N
A52: 4 | B52: 41 | D52: (연결) | E52: 41 | F52: =IF(D52="(연결)","",VLOOKUP(D52,'44-144'!D:E,2,0)) | G52: =IF(D52="(연결)","",VLOOKUP(D52,'44-288'!D:E,2,0)) | H52: =IF(D52="(연결)","",VLOOKUP(D52,'44-288-1'!D:E,2,0)) | I52: =IF(D52="(연결)","",VLOOKUP(D52,'46-288'!D:E,2,0)) | J52: =IF(D52="(연결)","",VLOOKUP(D52,'46-288-1'!D:E,2,0)) | K52: =IF(D52="(연결)","",VLOOKUP(D52,'115-144'!D:E,2,0)) | N52: 인천부평국사(뱅크)[INBP]~인천부평국사(뱅크)[INBP] | O52: N
A53: 4 | B53: 42 | D53: (연결) | E53: 42 | F53: =IF(D53="(연결)","",VLOOKUP(D53,'44-144'!D:E,2,0)) | G53: =IF(D53="(연결)","",VLOOKUP(D53,'44-288'!D:E,2,0)) | H53: =IF(D53="(연결)","",VLOOKUP(D53,'44-288-1'!D:E,2,0)) | I53: =IF(D53="(연결)","",VLOOKUP(D53,'46-288'!D:E,2,0)) | J53: =IF(D53="(연결)","",VLOOKUP(D53,'46-288-1'!D:E,2,0)) | K53: =IF(D53="(연결)","",VLOOKUP(D53,'115-144'!D:E,2,0)) | N53: 인천부평국사(뱅크)[INBP]~인천부평국사(뱅크)[INBP] | O53: N
A54: 4 | B54: 43 | D54: (연결) | E54: 43 | F54: =IF(D54="(연결)","",VLOOKUP(D54,'44-144'!D:E,2,0)) | G54: =IF(D54="(연결)","",VLOOKUP(D54,'44-288'!D:E,2,0)) | H54: =IF(D54="(연결)","",VLOOKUP(D54,'44-288-1'!D:E,2,0)) | I54: =IF(D54="(연결)","",VLOOKUP(D54,'46-288'!D:E,2,0)) | J54: =IF(D54="(연결)","",VLOOKUP(D54,'46-288-1'!D:E,2,0)) | K54: =IF(D54="(연결)","",VLOOKUP(D54,'115-144'!D:E,2,0)) | N54: 인천간석사옥/인천종합국사(2층) [INIH]~인천부평국사(뱅크)[INBP] | O54: N
A55: 4 | B55: 44 | D55: (연결) | E55: 44 | F55: =IF(D55="(연결)","",VLOOKUP(D55,'44-144'!D:E,2,0)) | G55: =IF(D55="(연결)","",VLOOKUP(D55,'44-288'!D:E,2,0)) | H55: =IF(D55="(연결)","",VLOOKUP(D55,'44-288-1'!D:E,2,0)) | I55: =IF(D55="(연결)","",VLOOKUP(D55,'46-288'!D:E,2,0)) | J55: =IF(D55="(연결)","",VLOOKUP(D55,'46-288-1'!D:E,2,0)) | K55: =IF(D55="(연결)","",VLOOKUP(D55,'115-144'!D:E,2,0)) | N55: ~ | O55: N
A56: 4 | B56: 45 | D56: (연결) | E56: 45 | F56: =IF(D56="(연결)","",VLOOKUP(D56,'44-144'!D:E,2,0)) | G56: =IF(D56="(연결)","",VLOOKUP(D56,'44-288'!D:E,2,0)) | H56: =IF(D56="(연결)","",VLOOKUP(D56,'44-288-1'!D:E,2,0)) | I56: =IF(D56="(연결)","",VLOOKUP(D56,'46-288'!D:E,2,0)) | J56: =IF(D56="(연결)","",VLOOKUP(D56,'46-288-1'!D:E,2,0)) | K56: =IF(D56="(연결)","",VLOOKUP(D56,'115-144'!D:E,2,0)) | N56: 8720H253[8720H253]~8820C421[8820C415 사각H] | O56: N
A57: 4 | B57: 46 | D57: (연결) | E57: 46 | F57: =IF(D57="(연결)","",VLOOKUP(D57,'44-144'!D:E,2,0)) | G57: =IF(D57="(연결)","",VLOOKUP(D57,'44-288'!D:E,2,0)) | H57: =IF(D57="(연결)","",VLOOKUP(D57,'44-288-1'!D:E,2,0)) | I57: =IF(D57="(연결)","",VLOOKUP(D57,'46-288'!D:E,2,0)) | J57: =IF(D57="(연결)","",VLOOKUP(D57,'46-288-1'!D:E,2,0)) | K57: =IF(D57="(연결)","",VLOOKUP(D57,'115-144'!D:E,2,0)) | N57: 8820C421[8820C415 사각H]~인천간석사옥/인천종합국사(2층) [INIH] | O57: N
A58: 4 | B58: 47 | D58: (연결) | E58: 47 | F58: =IF(D58="(연결)","",VLOOKUP(D58,'44-144'!D:E,2,0)) | G58: =IF(D58="(연결)","",VLOOKUP(D58,'44-288'!D:E,2,0)) | H58: =IF(D58="(연결)","",VLOOKUP(D58,'44-288-1'!D:E,2,0)) | I58: =IF(D58="(연결)","",VLOOKUP(D58,'46-288'!D:E,2,0)) | J58: =IF(D58="(연결)","",VLOOKUP(D58,'46-288-1'!D:E,2,0)) | K58: =IF(D58="(연결)","",VLOOKUP(D58,'115-144'!D:E,2,0)) | N58: ~ | O58: N
A59: 4 | B59: 48 | D59: (연결) | E59: 48 | F59: =IF(D59="(연결)","",VLOOKUP(D59,'44-144'!D:E,2,0)) | G59: =IF(D59="(연결)","",VLOOKUP(D59,'44-288'!D:E,2,0)) | H59: =IF(D59="(연결)","",VLOOKUP(D59,'44-288-1'!D:E,2,0)) | I59: =IF(D59="(연결)","",VLOOKUP(D59,'46-288'!D:E,2,0)) | J59: =IF(D59="(연결)","",VLOOKUP(D59,'46-288-1'!D:E,2,0)) | K59: =IF(D59="(연결)","",VLOOKUP(D59,'115-144'!D:E,2,0)) | N59: ~ | O59: N
A60: Unit#5 | F60: =IF(D60="(연결)","",VLOOKUP(D60,'44-144'!D:E,2,0)) | G60: =IF(D60="(연결)","",VLOOKUP(D60,'44-288'!D:E,2,0)) | H60: =IF(D60="(연결)","",VLOOKUP(D60,'44-288-1'!D:E,2,0)) | I60: =IF(D60="(연결)","",VLOOKUP(D60,'46-288'!D:E,2,0)) | J60: =IF(D60="(연결)","",VLOOKUP(D60,'46-288-1'!D:E,2,0)) | K60: =IF(D60="(연결)","",VLOOKUP(D60,'115-144'!D:E,2,0))
A61: 5 | B61: 49 | D61: (연결) | E61: 49 | F61: =IF(D61="(연결)","",VLOOKUP(D61,'44-144'!D:E,2,0)) | G61: =IF(D61="(연결)","",VLOOKUP(D61,'44-288'!D:E,2,0)) | H61: =IF(D61="(연결)","",VLOOKUP(D61,'44-288-1'!D:E,2,0)) | I61: =IF(D61="(연결)","",VLOOKUP(D61,'46-288'!D:E,2,0)) | J61: =IF(D61="(연결)","",VLOOKUP(D61,'46-288-1'!D:E,2,0)) | K61: =IF(D61="(연결)","",VLOOKUP(D61,'115-144'!D:E,2,0)) | N61: 8820C421[8820C415 사각H]~인천간석사옥/인천종합국사(2층) [INIH] | O61: N
A62: 5 | B62: 50 | D62: (연결) | E62: 50 | F62: =IF(D62="(연결)","",VLOOKUP(D62,'44-144'!D:E,2,0)) | G62: =IF(D62="(연결)","",VLOOKUP(D62,'44-288'!D:E,2,0)) | H62: =IF(D62="(연결)","",VLOOKUP(D62,'44-288-1'!D:E,2,0)) | I62: =IF(D62="(연결)","",VLOOKUP(D62,'46-288'!D:E,2,0)) | J62: =IF(D62="(연결)","",VLOOKUP(D62,'46-288-1'!D:E,2,0)) | K62: =IF(D62="(연결)","",VLOOKUP(D62,'115-144'!D:E,2,0)) | N62: 인천간석사옥/인천종합국사(2층) [INIH]~8820P291[8720P291] | O62: N
A63: 5 | B63: 51 | C63: (해지)운영중(OK) | D63: 12131734 | E63: 51 | F63: =IF(D63="(연결)","",VLOOKUP(D63,'44-144'!D:E,2,0)) -> #N/A | G63: =IF(D63="(연결)","",VLOOKUP(D63,'44-288'!D:E,2,0)) -> #N/A | H63: =IF(D63="(연결)","",VLOOKUP(D63,'44-288-1'!D:E,2,0)) -> #N/A | I63: =IF(D63="(연결)","",VLOOKUP(D63,'46-288'!D:E,2,0)) -> #N/A | J63: =IF(D63="(연결)","",VLOOKUP(D63,'46-288-1'!D:E,2,0)) -> #N/A | K63: =IF(D63="(연결)","",VLOOKUP(D63,'115-144'!D:E,2,0)) -> 51 | L63: - | N63: 인천간석사옥/인천종합국사(1층)~500152871021,500152871020_부평지역단(삼성생명빌딩) [[PTN][인천국사 903_2 S-0/0/3 ~ SLI02.BUPYEONG.SU3 0/0/1] [500152871021/500159400800/500159400802_부평지역단(삼성생명빌딩)]] | O63: N | Q63: 해지 | T63: 기타 | AC63: 인천간석사옥/인천종합국사(1층) | AH63: 500152871021,500152871020_부평지역단(삼성생명빌딩)
A64: 5 | B64: 52 | C64: (해지)운영중(OK) | D64: 12131736 | E64: 52 | F64: =IF(D64="(연결)","",VLOOKUP(D64,'44-144'!D:E,2,0)) -> #N/A | G64: =IF(D64="(연결)","",VLOOKUP(D64,'44-288'!D:E,2,0)) -> #N/A | H64: =IF(D64="(연결)","",VLOOKUP(D64,'44-288-1'!D:E,2,0)) -> #N/A | I64: =IF(D64="(연결)","",VLOOKUP(D64,'46-288'!D:E,2,0)) -> #N/A | J64: =IF(D64="(연결)","",VLOOKUP(D64,'46-288-1'!D:E,2,0)) -> #N/A | K64: =IF(D64="(연결)","",VLOOKUP(D64,'115-144'!D:E,2,0)) -> 52 | L64: - | N64: 인천간석사옥/인천종합국사(1층)~500152871021,500152871020_부평지역단(삼성생명빌딩) [[PTN][인천국사 903_2 S-0/0/3 ~ SLI02.BUPYEONG.SU3 0/0/1] [500152871021/500159400800/500159400802_부평지역단(삼성생명빌딩)]] | O64: N | Q64: 해지 | T64: 기타 | AC64: 인천간석사옥/인천종합국사(1층) | AH64: 500152871021,500152871020_부평지역단(삼성생명빌딩)
A65: 5 | B65: 53 | C65: 운영중(OK) | D65: 9842972 | E65: 53 | F65: =IF(D65="(연결)","",VLOOKUP(D65,'44-144'!D:E,2,0)) -> #N/A | G65: =IF(D65="(연결)","",VLOOKUP(D65,'44-288'!D:E,2,0)) -> 213 | H65: =IF(D65="(연결)","",VLOOKUP(D65,'44-288-1'!D:E,2,0)) -> #N/A | I65: =IF(D65="(연결)","",VLOOKUP(D65,'46-288'!D:E,2,0)) -> #N/A | J65: =IF(D65="(연결)","",VLOOKUP(D65,'46-288-1'!D:E,2,0)) -> #N/A | K65: =IF(D65="(연결)","",VLOOKUP(D65,'115-144'!D:E,2,0)) -> #N/A | L65: MD11-9 | M65: 249 | N65: 인천간석사옥/인천종합국사(1층)~500087838775_인천지하철2호선_모래내시장역/[중]남동구청역 지하2층 본선 [HLB_인천간석C4_3450A_남동구청_터_인천2호선(1500062735.1600209036.1500062768)] | O65: N | P65: LC/PC-LC/PC | Q65: 30 | R65: 4G DU C | S65: HLB_인천간석C4_3450A | T65: 기타 | AC65: 인천간석사옥/인천종합국사(1층) | AH65: 500087838775_인천지하철2호선_모래내시장역/[중]남동구청역 지하2층 본선
A66: 5 | B66: 54 | D66: (연결) | E66: 54 | F66: =IF(D66="(연결)","",VLOOKUP(D66,'44-144'!D:E,2,0)) | G66: =IF(D66="(연결)","",VLOOKUP(D66,'44-288'!D:E,2,0)) | H66: =IF(D66="(연결)","",VLOOKUP(D66,'44-288-1'!D:E,2,0)) | I66: =IF(D66="(연결)","",VLOOKUP(D66,'46-288'!D:E,2,0)) | J66: =IF(D66="(연결)","",VLOOKUP(D66,'46-288-1'!D:E,2,0)) | K66: =IF(D66="(연결)","",VLOOKUP(D66,'115-144'!D:E,2,0)) | N66: ~ | O66: N
A67: 5 | B67: 55 | D67: (연결) | E67: 55 | F67: =IF(D67="(연결)","",VLOOKUP(D67,'44-144'!D:E,2,0)) | G67: =IF(D67="(연결)","",VLOOKUP(D67,'44-288'!D:E,2,0)) | H67: =IF(D67="(연결)","",VLOOKUP(D67,'44-288-1'!D:E,2,0)) | I67: =IF(D67="(연결)","",VLOOKUP(D67,'46-288'!D:E,2,0)) | J67: =IF(D67="(연결)","",VLOOKUP(D67,'46-288-1'!D:E,2,0)) | K67: =IF(D67="(연결)","",VLOOKUP(D67,'115-144'!D:E,2,0)) | N67: ~ | O67: N
A68: 5 | B68: 56 | D68: (연결) | E68: 56 | F68: =IF(D68="(연결)","",VLOOKUP(D68,'44-144'!D:E,2,0)) | G68: =IF(D68="(연결)","",VLOOKUP(D68,'44-288'!D:E,2,0)) | H68: =IF(D68="(연결)","",VLOOKUP(D68,'44-288-1'!D:E,2,0)) | I68: =IF(D68="(연결)","",VLOOKUP(D68,'46-288'!D:E,2,0)) | J68: =IF(D68="(연결)","",VLOOKUP(D68,'46-288-1'!D:E,2,0)) | K68: =IF(D68="(연결)","",VLOOKUP(D68,'115-144'!D:E,2,0)) | N68: ~ | O68: N
A69: 5 | B69: 57 | C69: 운영중(OK) | D69: 9842975 | E69: 57 | F69: =IF(D69="(연결)","",VLOOKUP(D69,'44-144'!D:E,2,0)) -> #N/A | G69: =IF(D69="(연결)","",VLOOKUP(D69,'44-288'!D:E,2,0)) -> 214 | H69: =IF(D69="(연결)","",VLOOKUP(D69,'44-288-1'!D:E,2,0)) -> #N/A | I69: =IF(D69="(연결)","",VLOOKUP(D69,'46-288'!D:E,2,0)) -> #N/A | J69: =IF(D69="(연결)","",VLOOKUP(D69,'46-288-1'!D:E,2,0)) -> #N/A | K69: =IF(D69="(연결)","",VLOOKUP(D69,'115-144'!D:E,2,0)) -> #N/A | L69: MD11-10 | M69: 250 | N69: 인천간석사옥/인천종합국사(1층)~500087838775_인천지하철2호선_모래내시장역/[중]남동구청역 지하2층 본선 [HLB_인천간석C4_3440A_남동구청_터_인천2호선(1500062734.1600209035.1500062767)] | O69: N | P69: LC/PC-LC/PC | Q69: 30 | R69: 4G DU C | S69: HLB_인천간석C4_3440A | T69: 기타 | AC69: 인천간석사옥/인천종합국사(1층) | AH69: 500087838775_인천지하철2호선_모래내시장역/[중]남동구청역 지하2층 본선
A70: 5 | B70: 58 | C70: 운영중(OK) | D70: 9842978 | E70: 58 | F70: =IF(D70="(연결)","",VLOOKUP(D70,'44-144'!D:E,2,0)) -> #N/A | G70: =IF(D70="(연결)","",VLOOKUP(D70,'44-288'!D:E,2,0)) -> 217 | H70: =IF(D70="(연결)","",VLOOKUP(D70,'44-288-1'!D:E,2,0)) -> #N/A | I70: =IF(D70="(연결)","",VLOOKUP(D70,'46-288'!D:E,2,0)) -> #N/A | J70: =IF(D70="(연결)","",VLOOKUP(D70,'46-288-1'!D:E,2,0)) -> #N/A | K70: =IF(D70="(연결)","",VLOOKUP(D70,'115-144'!D:E,2,0)) -> #N/A | L70: MD11-13 | M70: 253 | N70: 인천간석사옥/인천종합국사(1층)~500087838775_인천지하철2호선_모래내시장역/[중]남동구청역 지하2층 본선 [HLB_인천간석C0_3210A_인천시청_승_인천2호선(1500062714.1600209010.1500062747)] | O70: N | P70: LC/PC-LC/PC | Q70: 30 | R70: 4G DU C | S70: HLB_인천간석C0_3210A | T70: 기타 | AC70: 인천간석사옥/인천종합국사(1층) | AH70: 500087838775_인천지하철2호선_모래내시장역/[중]남동구청역 지하2층 본선
A71: 5 | B71: 59 | C71: (해지)운영중(OK) | D71: 12131739 | E71: 59 | F71: =IF(D71="(연결)","",VLOOKUP(D71,'44-144'!D:E,2,0)) -> #N/A | G71: =IF(D71="(연결)","",VLOOKUP(D71,'44-288'!D:E,2,0)) -> #N/A | H71: =IF(D71="(연결)","",VLOOKUP(D71,'44-288-1'!D:E,2,0)) -> #N/A | I71: =IF(D71="(연결)","",VLOOKUP(D71,'46-288'!D:E,2,0)) -> #N/A | J71: =IF(D71="(연결)","",VLOOKUP(D71,'46-288-1'!D:E,2,0)) -> #N/A | K71: =IF(D71="(연결)","",VLOOKUP(D71,'115-144'!D:E,2,0)) -> 59 | L71: - | N71: 인천간석사옥/인천종합국사(1층)~500152871021,500152871020_부평지역단(삼성생명빌딩) [[PTN][인천국사 903_2 S-0/1/3 ~ SLI01.BUPYEONG.SU3 0/0/1] [500152871020/500159400799/500159400801_부평지역단(삼성생명빌딩)]] | O71: N | Q71: 해지 | T71: 기타 | AC71: 인천간석사옥/인천종합국사(1층) | AH71: 500152871021,500152871020_부평지역단(삼성생명빌딩)
A72: 5 | B72: 60 | C72: (해지)운영중(OK) | D72: 12131742 | E72: 60 | F72: =IF(D72="(연결)","",VLOOKUP(D72,'44-144'!D:E,2,0)) -> #N/A | G72: =IF(D72="(연결)","",VLOOKUP(D72,'44-288'!D:E,2,0)) -> #N/A | H72: =IF(D72="(연결)","",VLOOKUP(D72,'44-288-1'!D:E,2,0)) -> #N/A | I72: =IF(D72="(연결)","",VLOOKUP(D72,'46-288'!D:E,2,0)) -> #N/A | J72: =IF(D72="(연결)","",VLOOKUP(D72,'46-288-1'!D:E,2,0)) -> #N/A | K72: =IF(D72="(연결)","",VLOOKUP(D72,'115-144'!D:E,2,0)) -> 60 | L72: - | N72: 인천간석사옥/인천종합국사(1층)~500152871021,500152871020_부평지역단(삼성생명빌딩) [[PTN][인천국사 903_2 S-0/1/3 ~ SLI01.BUPYEONG.SU3 0/0/1] [500152871020/500159400799/500159400801_부평지역단(삼성생명빌딩)]] | O72: N | Q72: 해지 | T72: 기타 | AC72: 인천간석사옥/인천종합국사(1층) | AH72: 500152871021,500152871020_부평지역단(삼성생명빌딩)
A73: Unit#6 | F73: =IF(D73="(연결)","",VLOOKUP(D73,'44-144'!D:E,2,0)) | G73: =IF(D73="(연결)","",VLOOKUP(D73,'44-288'!D:E,2,0)) | H73: =IF(D73="(연결)","",VLOOKUP(D73,'44-288-1'!D:E,2,0)) | I73: =IF(D73="(연결)","",VLOOKUP(D73,'46-288'!D:E,2,0)) | J73: =IF(D73="(연결)","",VLOOKUP(D73,'46-288-1'!D:E,2,0)) | K73: =IF(D73="(연결)","",VLOOKUP(D73,'115-144'!D:E,2,0))
A74: 6 | B74: 61 | D74: (연결) | E74: 61 | F74: =IF(D74="(연결)","",VLOOKUP(D74,'44-144'!D:E,2,0)) | G74: =IF(D74="(연결)","",VLOOKUP(D74,'44-288'!D:E,2,0)) | H74: =IF(D74="(연결)","",VLOOKUP(D74,'44-288-1'!D:E,2,0)) | I74: =IF(D74="(연결)","",VLOOKUP(D74,'46-288'!D:E,2,0)) | J74: =IF(D74="(연결)","",VLOOKUP(D74,'46-288-1'!D:E,2,0)) | K74: =IF(D74="(연결)","",VLOOKUP(D74,'115-144'!D:E,2,0)) | N74: ~ | O74: N | AA74: 인천_EG_장곡 | AB74: 140672618
A75: 6 | B75: 62 | D75: (연결) | E75: 62 | F75: =IF(D75="(연결)","",VLOOKUP(D75,'44-144'!D:E,2,0)) | G75: =IF(D75="(연결)","",VLOOKUP(D75,'44-288'!D:E,2,0)) | H75: =IF(D75="(연결)","",VLOOKUP(D75,'44-288-1'!D:E,2,0)) | I75: =IF(D75="(연결)","",VLOOKUP(D75,'46-288'!D:E,2,0)) | J75: =IF(D75="(연결)","",VLOOKUP(D75,'46-288-1'!D:E,2,0)) | K75: =IF(D75="(연결)","",VLOOKUP(D75,'115-144'!D:E,2,0)) | N75: ~ | O75: N | AA75: 인천_EG_장곡 | AB75: 140672618
A76: 6 | B76: 63 | D76: (연결) | E76: 63 | F76: =IF(D76="(연결)","",VLOOKUP(D76,'44-144'!D:E,2,0)) | G76: =IF(D76="(연결)","",VLOOKUP(D76,'44-288'!D:E,2,0)) | H76: =IF(D76="(연결)","",VLOOKUP(D76,'44-288-1'!D:E,2,0)) | I76: =IF(D76="(연결)","",VLOOKUP(D76,'46-288'!D:E,2,0)) | J76: =IF(D76="(연결)","",VLOOKUP(D76,'46-288-1'!D:E,2,0)) | K76: =IF(D76="(연결)","",VLOOKUP(D76,'115-144'!D:E,2,0)) | N76: ~ | O76: N | AA76: [UT-7400]인천종합국사2층-LGCNS2층_Nikko동제련 | AB76: 140697033
A77: 6 | B77: 64 | D77: (연결) | E77: 64 | F77: =IF(D77="(연결)","",VLOOKUP(D77,'44-144'!D:E,2,0)) | G77: =IF(D77="(연결)","",VLOOKUP(D77,'44-288'!D:E,2,0)) | H77: =IF(D77="(연결)","",VLOOKUP(D77,'44-288-1'!D:E,2,0)) | I77: =IF(D77="(연결)","",VLOOKUP(D77,'46-288'!D:E,2,0)) | J77: =IF(D77="(연결)","",VLOOKUP(D77,'46-288-1'!D:E,2,0)) | K77: =IF(D77="(연결)","",VLOOKUP(D77,'115-144'!D:E,2,0)) | N77: ~ | O77: N | AA77: [UT-7400]인천종합국사2층-LGCNS2층_Nikko동제련 | AB77: 140697033
A78: 6 | B78: 65 | C78: (해지)운영중(OK) | D78: 707401 | E78: 65 | F78: =IF(D78="(연결)","",VLOOKUP(D78,'44-144'!D:E,2,0)) -> #N/A | G78: =IF(D78="(연결)","",VLOOKUP(D78,'44-288'!D:E,2,0)) -> #N/A | H78: =IF(D78="(연결)","",VLOOKUP(D78,'44-288-1'!D:E,2,0)) -> #N/A | I78: =IF(D78="(연결)","",VLOOKUP(D78,'46-288'!D:E,2,0)) -> #N/A | J78: =IF(D78="(연결)","",VLOOKUP(D78,'46-288-1'!D:E,2,0)) -> #N/A | K78: =IF(D78="(연결)","",VLOOKUP(D78,'115-144'!D:E,2,0)) -> 65 | L78: - | N78: 인천간석사옥/인천종합국사(1층)~인천부평국사(뱅크)[INBP] [UTRANS#1(신인천통합-인천부평국사)] | O78: N | Q78: 해지 | T78: 기타 | U78: 10016915 | AA78: UTRANS#1(인천종합국사-인천부평국사)#1 1A_P4 | AB78: 10001900 | AC78: 인천간석사옥/인천종합국사(1층) | AH78: 인천부평국사(뱅크)[INBP]
A79: 6 | B79: 66 | C79: (해지)운영중(OK) | D79: 707408 | E79: 66 | F79: =IF(D79="(연결)","",VLOOKUP(D79,'44-144'!D:E,2,0)) -> #N/A | G79: =IF(D79="(연결)","",VLOOKUP(D79,'44-288'!D:E,2,0)) -> #N/A | H79: =IF(D79="(연결)","",VLOOKUP(D79,'44-288-1'!D:E,2,0)) -> #N/A | I79: =IF(D79="(연결)","",VLOOKUP(D79,'46-288'!D:E,2,0)) -> #N/A | J79: =IF(D79="(연결)","",VLOOKUP(D79,'46-288-1'!D:E,2,0)) -> #N/A | K79: =IF(D79="(연결)","",VLOOKUP(D79,'115-144'!D:E,2,0)) -> 66 | L79: - | N79: 인천간석사옥/인천종합국사(1층)~인천부평국사(뱅크)[INBP] [UTRANS#1(신인천통합-인천부평국사)] | O79: N | Q79: 해지 | T79: 기타 | U79: 10016915 | AA79: UTRANS#1(인천종합국사-인천부평국사)#1 1A_P4 | AB79: 10001900 | AC79: 인천간석사옥/인천종합국사(1층) | AH79: 인천부평국사(뱅크)[INBP]
A80: 6 | B80: 67 | D80: (연결) | E80: 67 | F80: =IF(D80="(연결)","",VLOOKUP(D80,'44-144'!D:E,2,0)) | G80: =IF(D80="(연결)","",VLOOKUP(D80,'44-288'!D:E,2,0)) | H80: =IF(D80="(연결)","",VLOOKUP(D80,'44-288-1'!D:E,2,0)) | I80: =IF(D80="(연결)","",VLOOKUP(D80,'46-288'!D:E,2,0)) | J80: =IF(D80="(연결)","",VLOOKUP(D80,'46-288-1'!D:E,2,0)) | K80: =IF(D80="(연결)","",VLOOKUP(D80,'115-144'!D:E,2,0)) | N80: 8820C421[8820C415 사각H]~인천간석사옥/인천종합국사(1층) | O80: N
A81: 6 | B81: 68 | D81: (연결) | E81: 68 | F81: =IF(D81="(연결)","",VLOOKUP(D81,'44-144'!D:E,2,0)) | G81: =IF(D81="(연결)","",VLOOKUP(D81,'44-288'!D:E,2,0)) | H81: =IF(D81="(연결)","",VLOOKUP(D81,'44-288-1'!D:E,2,0)) | I81: =IF(D81="(연결)","",VLOOKUP(D81,'46-288'!D:E,2,0)) | J81: =IF(D81="(연결)","",VLOOKUP(D81,'46-288-1'!D:E,2,0)) | K81: =IF(D81="(연결)","",VLOOKUP(D81,'115-144'!D:E,2,0)) | N81: 인천간석사옥/인천종합국사(1층)~8820P291[8720P291] | O81: N
A82: 6 | B82: 69 | C82: (해지)운영중(OK) | D82: 6251883 | E82: 69 | F82: =IF(D82="(연결)","",VLOOKUP(D82,'44-144'!D:E,2,0)) -> #N/A | G82: =IF(D82="(연결)","",VLOOKUP(D82,'44-288'!D:E,2,0)) -> #N/A | H82: =IF(D82="(연결)","",VLOOKUP(D82,'44-288-1'!D:E,2,0)) -> #N/A | I82: =IF(D82="(연결)","",VLOOKUP(D82,'46-288'!D:E,2,0)) -> #N/A | J82: =IF(D82="(연결)","",VLOOKUP(D82,'46-288-1'!D:E,2,0)) -> #N/A | K82: =IF(D82="(연결)","",VLOOKUP(D82,'115-144'!D:E,2,0)) -> 69 | L82: - | N82: 인천간석사옥/인천종합국사(1층)~인천산곡국사 [AMSP#1_INTF 5A_P2 OTU-B] | O82: N | Q82: 해지 | T82: 기타 | AC82: 인천간석사옥/인천종합국사(1층) | AH82: 인천산곡국사
A83: 6 | B83: 70 | C83: (해지)운영중(OK) | D83: 6251885 | E83: 70 | F83: =IF(D83="(연결)","",VLOOKUP(D83,'44-144'!D:E,2,0)) -> #N/A | G83: =IF(D83="(연결)","",VLOOKUP(D83,'44-288'!D:E,2,0)) -> #N/A | H83: =IF(D83="(연결)","",VLOOKUP(D83,'44-288-1'!D:E,2,0)) -> #N/A | I83: =IF(D83="(연결)","",VLOOKUP(D83,'46-288'!D:E,2,0)) -> #N/A | J83: =IF(D83="(연결)","",VLOOKUP(D83,'46-288-1'!D:E,2,0)) -> #N/A | K83: =IF(D83="(연결)","",VLOOKUP(D83,'115-144'!D:E,2,0)) -> 70 | L83: - | N83: 인천간석사옥/인천종합국사(1층)~인천산곡국사 [AMSP#1_INTF 5A_P2 OTU-B] | O83: N | Q83: 해지 | T83: 기타 | AC83: 인천간석사옥/인천종합국사(1층) | AH83: 인천산곡국사
A84: 6 | B84: 71 | C84: (해지)운영중(OK) | D84: 6251891 | E84: 71 | F84: =IF(D84="(연결)","",VLOOKUP(D84,'44-144'!D:E,2,0)) -> #N/A | G84: =IF(D84="(연결)","",VLOOKUP(D84,'44-288'!D:E,2,0)) -> #N/A | H84: =IF(D84="(연결)","",VLOOKUP(D84,'44-288-1'!D:E,2,0)) -> #N/A | I84: =IF(D84="(연결)","",VLOOKUP(D84,'46-288'!D:E,2,0)) -> #N/A | J84: =IF(D84="(연결)","",VLOOKUP(D84,'46-288-1'!D:E,2,0)) -> #N/A | K84: =IF(D84="(연결)","",VLOOKUP(D84,'115-144'!D:E,2,0)) -> 71 | L84: - | N84: 인천간석사옥/인천종합국사(1층)~인천부평국사(뱅크)[INBP] [AMSP#2_INTF 5A_P3 OTU-B] | O84: N | Q84: 해지 | T84: 기타 | AC84: 인천간석사옥/인천종합국사(1층) | AH84: 인천부평국사(뱅크)[INBP]
A85: 6 | B85: 72 | C85: (해지)운영중(OK) | D85: 6251892 | E85: 72 | F85: =IF(D85="(연결)","",VLOOKUP(D85,'44-144'!D:E,2,0)) -> #N/A | G85: =IF(D85="(연결)","",VLOOKUP(D85,'44-288'!D:E,2,0)) -> #N/A | H85: =IF(D85="(연결)","",VLOOKUP(D85,'44-288-1'!D:E,2,0)) -> #N/A | I85: =IF(D85="(연결)","",VLOOKUP(D85,'46-288'!D:E,2,0)) -> #N/A | J85: =IF(D85="(연결)","",VLOOKUP(D85,'46-288-1'!D:E,2,0)) -> #N/A | K85: =IF(D85="(연결)","",VLOOKUP(D85,'115-144'!D:E,2,0)) -> 72 | L85: - | N85: 인천간석사옥/인천종합국사(1층)~인천부평국사(뱅크)[INBP] [AMSP#2_INTF 5A_P3 OTU-B] | O85: N | Q85: 해지 | T85: 기타 | AC85: 인천간석사옥/인천종합국사(1층) | AH85: 인천부평국사(뱅크)[INBP]
A86: Unit#7 | F86: =IF(D86="(연결)","",VLOOKUP(D86,'44-144'!D:E,2,0)) | G86: =IF(D86="(연결)","",VLOOKUP(D86,'44-288'!D:E,2,0)) | H86: =IF(D86="(연결)","",VLOOKUP(D86,'44-288-1'!D:E,2,0)) | I86: =IF(D86="(연결)","",VLOOKUP(D86,'46-288'!D:E,2,0)) | J86: =IF(D86="(연결)","",VLOOKUP(D86,'46-288-1'!D:E,2,0)) | K86: =IF(D86="(연결)","",VLOOKUP(D86,'115-144'!D:E,2,0))
A87: 7 | B87: 73 | D87: (연결) | E87: 73 | F87: =IF(D87="(연결)","",VLOOKUP(D87,'44-144'!D:E,2,0)) | G87: =IF(D87="(연결)","",VLOOKUP(D87,'44-288'!D:E,2,0)) | H87: =IF(D87="(연결)","",VLOOKUP(D87,'44-288-1'!D:E,2,0)) | I87: =IF(D87="(연결)","",VLOOKUP(D87,'46-288'!D:E,2,0)) | J87: =IF(D87="(연결)","",VLOOKUP(D87,'46-288-1'!D:E,2,0)) | K87: =IF(D87="(연결)","",VLOOKUP(D87,'115-144'!D:E,2,0)) | N87: 인천간석사옥/인천종합국사(1층)~인천부평국사(뱅크)[INBP] | O87: N
A88: 7 | B88: 74 | D88: (연결) | E88: 74 | F88: =IF(D88="(연결)","",VLOOKUP(D88,'44-144'!D:E,2,0)) | G88: =IF(D88="(연결)","",VLOOKUP(D88,'44-288'!D:E,2,0)) | H88: =IF(D88="(연결)","",VLOOKUP(D88,'44-288-1'!D:E,2,0)) | I88: =IF(D88="(연결)","",VLOOKUP(D88,'46-288'!D:E,2,0)) | J88: =IF(D88="(연결)","",VLOOKUP(D88,'46-288-1'!D:E,2,0)) | K88: =IF(D88="(연결)","",VLOOKUP(D88,'115-144'!D:E,2,0)) | N88: 8820C421[8820C415 사각H]~인천부평국사(뱅크)[INBP] | O88: N
A89: 7 | B89: 75 | D89: (연결) | E89: 75 | F89: =IF(D89="(연결)","",VLOOKUP(D89,'44-144'!D:E,2,0)) | G89: =IF(D89="(연결)","",VLOOKUP(D89,'44-288'!D:E,2,0)) | H89: =IF(D89="(연결)","",VLOOKUP(D89,'44-288-1'!D:E,2,0)) | I89: =IF(D89="(연결)","",VLOOKUP(D89,'46-288'!D:E,2,0)) | J89: =IF(D89="(연결)","",VLOOKUP(D89,'46-288-1'!D:E,2,0)) | K89: =IF(D89="(연결)","",VLOOKUP(D89,'115-144'!D:E,2,0)) | N89: 8921W382[8921W382#1]~인천간석사옥/인천종합국사(2층) [INIH] | O89: N
A90: 7 | B90: 76 | D90: (연결) | E90: 76 | F90: =IF(D90="(연결)","",VLOOKUP(D90,'44-144'!D:E,2,0)) | G90: =IF(D90="(연결)","",VLOOKUP(D90,'44-288'!D:E,2,0)) | H90: =IF(D90="(연결)","",VLOOKUP(D90,'44-288-1'!D:E,2,0)) | I90: =IF(D90="(연결)","",VLOOKUP(D90,'46-288'!D:E,2,0)) | J90: =IF(D90="(연결)","",VLOOKUP(D90,'46-288-1'!D:E,2,0)) | K90: =IF(D90="(연결)","",VLOOKUP(D90,'115-144'!D:E,2,0)) | N90: 8921W382[8921W382#1]~인천간석사옥/인천종합국사(2층) [INIH] | O90: N
A91: 7 | B91: 77 | D91: (연결) | E91: 77 | F91: =IF(D91="(연결)","",VLOOKUP(D91,'44-144'!D:E,2,0)) | G91: =IF(D91="(연결)","",VLOOKUP(D91,'44-288'!D:E,2,0)) | H91: =IF(D91="(연결)","",VLOOKUP(D91,'44-288-1'!D:E,2,0)) | I91: =IF(D91="(연결)","",VLOOKUP(D91,'46-288'!D:E,2,0)) | J91: =IF(D91="(연결)","",VLOOKUP(D91,'46-288-1'!D:E,2,0)) | K91: =IF(D91="(연결)","",VLOOKUP(D91,'115-144'!D:E,2,0)) | N91: 인천간석사옥/인천종합국사(1층)~8820P291[8720P291] | O91: N
A92: 7 | B92: 78 | D92: (연결) | E92: 78 | F92: =IF(D92="(연결)","",VLOOKUP(D92,'44-144'!D:E,2,0)) | G92: =IF(D92="(연결)","",VLOOKUP(D92,'44-288'!D:E,2,0)) | H92: =IF(D92="(연결)","",VLOOKUP(D92,'44-288-1'!D:E,2,0)) | I92: =IF(D92="(연결)","",VLOOKUP(D92,'46-288'!D:E,2,0)) | J92: =IF(D92="(연결)","",VLOOKUP(D92,'46-288-1'!D:E,2,0)) | K92: =IF(D92="(연결)","",VLOOKUP(D92,'115-144'!D:E,2,0)) | N92: 인천간석사옥/인천종합국사(1층)~8820P291[8720P291] | O92: N
A93: 7 | B93: 79 | C93: (해지)운영중(OK) | D93: 5352198 | E93: 79 | F93: =IF(D93="(연결)","",VLOOKUP(D93,'44-144'!D:E,2,0)) -> #N/A | G93: =IF(D93="(연결)","",VLOOKUP(D93,'44-288'!D:E,2,0)) -> #N/A | H93: =IF(D93="(연결)","",VLOOKUP(D93,'44-288-1'!D:E,2,0)) -> #N/A | I93: =IF(D93="(연결)","",VLOOKUP(D93,'46-288'!D:E,2,0)) -> #N/A | J93: =IF(D93="(연결)","",VLOOKUP(D93,'46-288-1'!D:E,2,0)) -> #N/A | K93: =IF(D93="(연결)","",VLOOKUP(D93,'115-144'!D:E,2,0)) -> 79 | L93: - | N93: 인천간석사옥/인천종합국사(1층)~간석3동 남동e클레스학원(금옥빌딩 5층_4840229) [P3608] | O93: N | Q93: 해지 | S93: P8124#16 3/8 | T93: 기타 | AC93: 인천간석사옥/인천종합국사(1층) | AD93: P8124XG | AE93: 인천종합 P8124#16-SME | AF93: 인천종합 P8124#16-SME | AG93: 8 | AH93: 간석3동 남동e클레스학원(금옥빌딩 5층_4840229) | AI93: P3608FG | AJ93: 4840229_남동e클레스학원 | AK93: 4840229_남동e클레스학원
A94: 7 | B94: 80 | C94: (해지)운영중(OK) | D94: 5352199 | E94: 80 | F94: =IF(D94="(연결)","",VLOOKUP(D94,'44-144'!D:E,2,0)) -> #N/A | G94: =IF(D94="(연결)","",VLOOKUP(D94,'44-288'!D:E,2,0)) -> #N/A | H94: =IF(D94="(연결)","",VLOOKUP(D94,'44-288-1'!D:E,2,0)) -> #N/A | I94: =IF(D94="(연결)","",VLOOKUP(D94,'46-288'!D:E,2,0)) -> #N/A | J94: =IF(D94="(연결)","",VLOOKUP(D94,'46-288-1'!D:E,2,0)) -> #N/A | K94: =IF(D94="(연결)","",VLOOKUP(D94,'115-144'!D:E,2,0)) -> 80 | L94: - | N94: 인천간석사옥/인천종합국사(1층)~간석3동 남동e클레스학원(금옥빌딩 5층_4840229) [P3608] | O94: N | Q94: 해지 | S94: P8124#16 3/8 | T94: 기타 | AC94: 인천간석사옥/인천종합국사(1층) | AD94: P3608FG | AE94: 4840229_남동e클레스학원 | AF94: 4840229_남동e클레스학원 | AH94: 간석3동 남동e클레스학원(금옥빌딩 5층_4840229) | AI94: P8124XG | AJ94: 인천종합 P8124#16-SME | AK94: 인천종합 P8124#16-SME | AL94: 8
A95: 7 | B95: 81 | E95: 81 | F95: =IF(D95="(연결)","",VLOOKUP(D95,'44-144'!D:E,2,0)) | G95: =IF(D95="(연결)","",VLOOKUP(D95,'44-288'!D:E,2,0)) | H95: =IF(D95="(연결)","",VLOOKUP(D95,'44-288-1'!D:E,2,0)) | I95: =IF(D95="(연결)","",VLOOKUP(D95,'46-288'!D:E,2,0)) | J95: =IF(D95="(연결)","",VLOOKUP(D95,'46-288-1'!D:E,2,0)) | K95: =IF(D95="(연결)","",VLOOKUP(D95,'115-144'!D:E,2,0)) | O95: N
A96: 7 | B96: 82 | E96: 82 | F96: =IF(D96="(연결)","",VLOOKUP(D96,'44-144'!D:E,2,0)) | G96: =IF(D96="(연결)","",VLOOKUP(D96,'44-288'!D:E,2,0)) | H96: =IF(D96="(연결)","",VLOOKUP(D96,'44-288-1'!D:E,2,0)) | I96: =IF(D96="(연결)","",VLOOKUP(D96,'46-288'!D:E,2,0)) | J96: =IF(D96="(연결)","",VLOOKUP(D96,'46-288-1'!D:E,2,0)) | K96: =IF(D96="(연결)","",VLOOKUP(D96,'115-144'!D:E,2,0)) | O96: N
A97: 7 | B97: 83 | C97: 운영중(OK) | D97: 12077082 | E97: 83 | F97: =IF(D97="(연결)","",VLOOKUP(D97,'44-144'!D:E,2,0)) -> #N/A | G97: =IF(D97="(연결)","",VLOOKUP(D97,'44-288'!D:E,2,0)) -> #N/A | H97: =IF(D97="(연결)","",VLOOKUP(D97,'44-288-1'!D:E,2,0)) -> #N/A | I97: =IF(D97="(연결)","",VLOOKUP(D97,'46-288'!D:E,2,0)) -> #N/A | J97: =IF(D97="(연결)","",VLOOKUP(D97,'46-288-1'!D:E,2,0)) -> #N/A | K97: =IF(D97="(연결)","",VLOOKUP(D97,'115-144'!D:E,2,0)) -> 83 | L97: MD3-1 | M97: 49 | N97: 인천간석사옥/인천종합국사(1층)~[중] 간석동 1-406_옥탑 [1900419600_[중]간석동 1-406옥상] /HFB 간석A1_4440AS | O97: N | P97: LC/PC-LC/PC | Q97: 30 | R97: 5G DU | S97: HFB 간석A1_4440AS | T97: 기타 | AC97: 인천간석사옥/인천종합국사(1층) | AH97: [중] 간석동 1-406_옥탑
A98: 7 | B98: 84 | C98: 운영중(OK) | D98: 12077085 | E98: 84 | F98: =IF(D98="(연결)","",VLOOKUP(D98,'44-144'!D:E,2,0)) -> #N/A | G98: =IF(D98="(연결)","",VLOOKUP(D98,'44-288'!D:E,2,0)) -> #N/A | H98: =IF(D98="(연결)","",VLOOKUP(D98,'44-288-1'!D:E,2,0)) -> #N/A | I98: =IF(D98="(연결)","",VLOOKUP(D98,'46-288'!D:E,2,0)) -> #N/A | J98: =IF(D98="(연결)","",VLOOKUP(D98,'46-288-1'!D:E,2,0)) -> #N/A | K98: =IF(D98="(연결)","",VLOOKUP(D98,'115-144'!D:E,2,0)) -> 84 | L98: MD3-2 | M98: 50 | N98: 인천간석사옥/인천종합국사(1층)~[중] 간석동 1-406_옥탑 [1900419600_[중]간석동 1-406옥상] /HFB 간석A1_4440AS | O98: N | P98: LC/PC-LC/PC | Q98: 30 | R98: 5G DU | S98: HFB 간석A1_4440AS | T98: 기타 | AC98: 인천간석사옥/인천종합국사(1층) | AH98: [중] 간석동 1-406_옥탑
A99: Unit#8 | F99: =IF(D99="(연결)","",VLOOKUP(D99,'44-144'!D:E,2,0)) | G99: =IF(D99="(연결)","",VLOOKUP(D99,'44-288'!D:E,2,0)) | H99: =IF(D99="(연결)","",VLOOKUP(D99,'44-288-1'!D:E,2,0)) | I99: =IF(D99="(연결)","",VLOOKUP(D99,'46-288'!D:E,2,0)) | J99: =IF(D99="(연결)","",VLOOKUP(D99,'46-288-1'!D:E,2,0)) | K99: =IF(D99="(연결)","",VLOOKUP(D99,'115-144'!D:E,2,0))
A100: 8 | B100: 85 | D100: (연결) | E100: 85 | F100: =IF(D100="(연결)","",VLOOKUP(D100,'44-144'!D:E,2,0)) | G100: =IF(D100="(연결)","",VLOOKUP(D100,'44-288'!D:E,2,0)) | H100: =IF(D100="(연결)","",VLOOKUP(D100,'44-288-1'!D:E,2,0)) | I100: =IF(D100="(연결)","",VLOOKUP(D100,'46-288'!D:E,2,0)) | J100: =IF(D100="(연결)","",VLOOKUP(D100,'46-288-1'!D:E,2,0)) | K100: =IF(D100="(연결)","",VLOOKUP(D100,'115-144'!D:E,2,0)) | N100: 8820C421[8820C415 사각H]~인천부평국사(뱅크)[INBP] | O100: N
A101: 8 | B101: 86 | D101: (연결) | E101: 86 | F101: =IF(D101="(연결)","",VLOOKUP(D101,'44-144'!D:E,2,0)) | G101: =IF(D101="(연결)","",VLOOKUP(D101,'44-288'!D:E,2,0)) | H101: =IF(D101="(연결)","",VLOOKUP(D101,'44-288-1'!D:E,2,0)) | I101: =IF(D101="(연결)","",VLOOKUP(D101,'46-288'!D:E,2,0)) | J101: =IF(D101="(연결)","",VLOOKUP(D101,'46-288-1'!D:E,2,0)) | K101: =IF(D101="(연결)","",VLOOKUP(D101,'115-144'!D:E,2,0)) | N101: 인천부평국사(뱅크)[INBP]~8820P291[8720P291] | O101: N
...

Sheet (1-288)
A3: 선로ID | B3: 605791445 | D3: 선로명 | AE3: (철거예정)(기간망추가수용금지)B00-03 MD1~24(FC) | AF3: 규격 | AG3: 288C | AH3: N/W구분 | AI3: 혼합선로
A4: 시점 | B4: 8720H253 | AF4: LOT No. | AG4: 6178 | AH4: 자산번호
A5: 종점 | B5: 인천간석사옥/인천종합국사(1층) | AF5: 자재코드 | AG5: 530058 | AH5: 자재명 | AI5: 광케이블,288C,가공
B6: 신설 | K6: 표기완 | AB6: ???
A7: UNIT | B7: 선번 | C7: 구성상태 | D7: 코어ID | E7: 선번 | F7: 115-144 | G7: (115-288) | H7: 44-144 | I7: 44-144-1 | J7: 44-288 | K7: 44-288-1 | L7: (44-288) | M7: 46-288 | N7: 46-288-1 | O7: 46-288-2 | P7: (46-288) | Q7: 72-72 | R7: 72-144 | S7: 73-12 | T7: 104-12 | U7: 105-36 | V7: 105-72 | W7: 130-72 | X7: 150-36-2 | Y7: 166-144 | Z7: 187-144-2 | AA7: 201-36 | AB7: 201-72 | AC7: 201-72-2 | AD7: 134-36 | AE7: 코어명 | AF7: 광선로감시여부 | AG7: 중요여부 | AH7: 코어수용서비스 | AI7: 코어수용서비스상세 | AJ7: 수용서비스범위 | AK7: 영향고객수 | AL7: 연계회선번호 | AM7: 가입자번호 | AN7: 단선(불량)여부 | AO7: 직결공사번호 | AP7: Network명 | AQ7: Network ID | AR7: 상위국설치장소명 | AS7: 상위국장비모델 | AT7: 상위국장비명 | AU7: 상위국TID | AV7: 상위국AID(port) | AW7: 하위국설치장소명 | AX7: 하위국장비모델 | AY7: 하위국장비명 | AZ7: 하위국TID | BA7: 하위국AID(port)
A8: Unit#1 | F8: =IF(D8="(연결)","",VLOOKUP(D8,'115-144'!D:E,2,0)) | G8: =IF(D8="(연결)","",VLOOKUP(D8,'(115-288)'!D:E,2,0)) | H8: =IF(D8="(연결)","",VLOOKUP(D8,'44-144'!D:E,2,0)) | I8: =IF(D8="(연결)","",VLOOKUP(D8,'44-144-1'!D:E,2,0)) | J8: =IF(D8="(연결)","",VLOOKUP(D8,'44-288'!D:E,2,0)) | K8: =IF(D8="(연결)","",VLOOKUP(D8,'44-288-1'!D:E,2,0)) | L8: =IF(D8="(연결)","",VLOOKUP(D8,'(44-288)'!D:E,2,0)) | M8: =IF(D8="(연결)","",VLOOKUP(D8,'46-288'!D:E,2,0)) | N8: =IF(D8="(연결)","",VLOOKUP(D8,'46-288-1'!D:E,2,0)) | O8: =IF(D8="(연결)","",VLOOKUP(D8,'46-288-2'!D:E,2,0)) | P8: =IF(D8="(연결)","",VLOOKUP(D8,'(46-288)'!D:E,2,0)) | Q8: =IF(D8="(연결)","",VLOOKUP(D8,'72-72'!D:E,2,0)) | R8: =IF(D8="(연결)","",VLOOKUP(D8,'72-144'!D:E,2,0)) | S8: =IF(D8="(연결)","",VLOOKUP(D8,'73-12'!D:E,2,0)) | T8: =IF(D8="(연결)","",VLOOKUP(D8,'104-12'!D:E,2,0)) | U8: =IF(D8="(연결)","",VLOOKUP(D8,'105-36'!D:E,2,0)) | X8: =IF(D8="(연결)","",VLOOKUP(D8,'150-36-2'!D:E,2,0)) | Y8: =IF(D8="(연결)","",VLOOKUP(D8,'166-144'!D:E,2,0)) | Z8: =IF(D8="(연결)","",VLOOKUP(D8,'187-144-2'!D:E,2,0)) | AA8: =IF(D8="(연결)","",VLOOKUP(D8,'201-36'!D:E,2,0)) | AB8: =IF(D8="(연결)","",VLOOKUP(D8,'201-72'!D:E,2,0)) | AD8: =IF(D8="(연결)","",VLOOKUP(D8,'134-36'!D:E,2,0))
A9: 1 | B9: 1 | C9: 운영중(OK) | D9: 7053387 | E9: 1 | F9: =IF(D9="(연결)","",VLOOKUP(D9,'115-144'!D:E,2,0)) -> 1 | G9: =IF(D9="(연결)","",VLOOKUP(D9,'(115-288)'!D:E,2,0)) -> 1 | H9: =IF(D9="(연결)","",VLOOKUP(D9,'44-144'!D:E,2,0)) -> #N/A | I9: =IF(D9="(연결)","",VLOOKUP(D9,'44-144-1'!D:E,2,0)) -> #N/A | J9: =IF(D9="(연결)","",VLOOKUP(D9,'44-288'!D:E,2,0)) -> #N/A | K9: =IF(D9="(연결)","",VLOOKUP(D9,'44-288-1'!D:E,2,0)) -> #N/A | L9: =IF(D9="(연결)","",VLOOKUP(D9,'(44-288)'!D:E,2,0)) -> #N/A | M9: =IF(D9="(연결)","",VLOOKUP(D9,'46-288'!D:E,2,0)) -> #N/A | N9: =IF(D9="(연결)","",VLOOKUP(D9,'46-288-1'!D:E,2,0)) -> #N/A | O9: =IF(D9="(연결)","",VLOOKUP(D9,'46-288-2'!D:E,2,0)) -> #N/A | P9: =IF(D9="(연결)","",VLOOKUP(D9,'(46-288)'!D:E,2,0)) -> #N/A | Q9: =IF(D9="(연결)","",VLOOKUP(D9,'72-72'!D:E,2,0)) -> #N/A | R9: =IF(D9="(연결)","",VLOOKUP(D9,'72-144'!D:E,2,0)) -> #N/A | S9: =IF(D9="(연결)","",VLOOKUP(D9,'73-12'!D:E,2,0)) -> #N/A | T9: =IF(D9="(연결)","",VLOOKUP(D9,'104-12'!D:E,2,0)) -> #N/A | U9: =IF(D9="(연결)","",VLOOKUP(D9,'105-36'!D:E,2,0)) -> #N/A | V9: =IF(D9="(연결)","",VLOOKUP(D9,'105-72'!D:E,2,0)) -> #N/A | W9: =IF(D9="(연결)","",VLOOKUP(D9,'130-72'!D:E,2,0)) -> #N/A | X9: =IF(D9="(연결)","",VLOOKUP(D9,'150-36-2'!D:E,2,0)) -> #N/A | Y9: =IF(D9="(연결)","",VLOOKUP(D9,'166-144'!D:E,2,0)) -> #N/A | Z9: =IF(D9="(연결)","",VLOOKUP(D9,'187-144-2'!D:E,2,0)) -> #N/A | AA9: =IF(D9="(연결)","",VLOOKUP(D9,'201-36'!D:E,2,0)) -> #N/A | AB9: =IF(D9="(연결)","",VLOOKUP(D9,'201-72'!D:E,2,0)) -> #N/A | AC9: =IF(D9="(연결)","",VLOOKUP(D9,'201-72-2'!D:E,2,0)) -> #N/A | AD9: =IF(D9="(연결)","",VLOOKUP(D9,'134-36'!D:E,2,0)) -> #N/A | AE9: 인천간석사옥/인천종합국사(1층)~인천종합국사_102093/102103_1_0_0_8821R052_2:8RN [인천종합국사_102103_1_0_0_8821R052_2:8RN] | AF9: N | AH9: 홈/기업 | AI9: FTTH 1차 RN | AR9: 인천간석사옥/인천종합국사(1층) | AS9: V8500 | AT9: H_TONGHAB-V8500-2-TPS | AU9: TONGHAB-V8500-2-TPS | AV9: 3 | AW9: 인천종합국사_102093/102103_1_0_0_8821R052_2:8RN | AX9: RN 2:8 | AY9: 구월25셀_2:8RN_8821R052(가공형간석동1_210)_종합V5724#7_920 | AZ9: 인천간석_207092/207102_1_0_0_8821R052(가공형간석동1_210)RN 2:8 | BA9: I_P1
A10: 1 | B10: 2 | C10: 운영중(OK) | D10: 7053386 | E10: 2 | F10: =IF(D10="(연결)","",VLOOKUP(D10,'115-144'!D:E,2,0)) -> 2 | G10: =IF(D10="(연결)","",VLOOKUP(D10,'(115-288)'!D:E,2,0)) -> 2 | H10: =IF(D10="(연결)","",VLOOKUP(D10,'44-144'!D:E,2,0)) -> #N/A | I10: =IF(D10="(연결)","",VLOOKUP(D10,'44-144-1'!D:E,2,0)) -> #N/A | J10: =IF(D10="(연결)","",VLOOKUP(D10,'44-288'!D:E,2,0)) -> #N/A | K10: =IF(D10="(연결)","",VLOOKUP(D10,'44-288-1'!D:E,2,0)) -> #N/A | L10: =IF(D10="(연결)","",VLOOKUP(D10,'(44-288)'!D:E,2,0)) -> #N/A | M10: =IF(D10="(연결)","",VLOOKUP(D10,'46-288'!D:E,2,0)) -> #N/A | N10: =IF(D10="(연결)","",VLOOKUP(D10,'46-288-1'!D:E,2,0)) -> #N/A | O10: =IF(D10="(연결)","",VLOOKUP(D10,'46-288-2'!D:E,2,0)) -> #N/A | P10: =IF(D10="(연결)","",VLOOKUP(D10,'(46-288)'!D:E,2,0)) -> #N/A | Q10: =IF(D10="(연결)","",VLOOKUP(D10,'72-72'!D:E,2,0)) -> #N/A | R10: =IF(D10="(연결)","",VLOOKUP(D10,'72-144'!D:E,2,0)) -> #N/A | S10: =IF(D10="(연결)","",VLOOKUP(D10,'73-12'!D:E,2,0)) -> #N/A | T10: =IF(D10="(연결)","",VLOOKUP(D10,'104-12'!D:E,2,0)) -> #N/A | U10: =IF(D10="(연결)","",VLOOKUP(D10,'105-36'!D:E,2,0)) -> #N/A | V10: =IF(D10="(연결)","",VLOOKUP(D10,'105-72'!D:E,2,0)) -> #N/A | W10: =IF(D10="(연결)","",VLOOKUP(D10,'130-72'!D:E,2,0)) -> #N/A | X10: =IF(D10="(연결)","",VLOOKUP(D10,'150-36-2'!D:E,2,0)) -> #N/A | Y10: =IF(D10="(연결)","",VLOOKUP(D10,'166-144'!D:E,2,0)) -> #N/A | Z10: =IF(D10="(연결)","",VLOOKUP(D10,'187-144-2'!D:E,2,0)) -> #N/A | AA10: =IF(D10="(연결)","",VLOOKUP(D10,'201-36'!D:E,2,0)) -> #N/A | AB10: =IF(D10="(연결)","",VLOOKUP(D10,'201-72'!D:E,2,0)) -> #N/A | AC10: =IF(D10="(연결)","",VLOOKUP(D10,'201-72-2'!D:E,2,0)) -> #N/A | AD10: =IF(D10="(연결)","",VLOOKUP(D10,'134-36'!D:E,2,0)) -> #N/A | AE10: 인천간석사옥/인천종합국사(1층)~인천종합국사_111094/111104_1_0_0[8721X312] 2:8RN [인천종합국사_111104_1_0_0[8721X312] 2:8RN] | AF10: N | AH10: 홈/기업 | AI10: FTTH 1차 RN | AR10: 인천간석사옥/인천종합국사(1층) | AS10: V8500 | AT10: H_JongHab-V8500-11-SME | AU10: H_JongHab-V8500-11-SME | AV10: 4 | AW10: 인천종합국사_111094/111104_1_0_0[8721X312] 2:8RN | AX10: RN 2:8 | AY10: 인천종합 GS/B8-02-1[8721X312] | AZ10: 인천간석_208011/208021_1_0_0[8721X312] 2:8RN | BA10: I_P2
A11: 1 | B11: 3 | C11: (해지)운영중(OK) | D11: 7053389 | E11: 3 | F11: =IF(D11="(연결)","",VLOOKUP(D11,'115-144'!D:E,2,0)) -> 3 | G11: =IF(D11="(연결)","",VLOOKUP(D11,'(115-288)'!D:E,2,0)) -> 3 | H11: =IF(D11="(연결)","",VLOOKUP(D11,'44-144'!D:E,2,0)) -> #N/A | I11: =IF(D11="(연결)","",VLOOKUP(D11,'44-144-1'!D:E,2,0)) -> #N/A | J11: =IF(D11="(연결)","",VLOOKUP(D11,'44-288'!D:E,2,0)) -> #N/A | K11: =IF(D11="(연결)","",VLOOKUP(D11,'44-288-1'!D:E,2,0)) -> #N/A | L11: =IF(D11="(연결)","",VLOOKUP(D11,'(44-288)'!D:E,2,0)) -> #N/A | M11: =IF(D11="(연결)","",VLOOKUP(D11,'46-288'!D:E,2,0)) -> #N/A | N11: =IF(D11="(연결)","",VLOOKUP(D11,'46-288-1'!D:E,2,0)) -> #N/A | O11: =IF(D11="(연결)","",VLOOKUP(D11,'46-288-2'!D:E,2,0)) -> #N/A | P11: =IF(D11="(연결)","",VLOOKUP(D11,'(46-288)'!D:E,2,0)) -> #N/A | Q11: =IF(D11="(연결)","",VLOOKUP(D11,'72-72'!D:E,2,0)) -> #N/A | R11: =IF(D11="(연결)","",VLOOKUP(D11,'72-144'!D:E,2,0)) -> #N/A | S11: =IF(D11="(연결)","",VLOOKUP(D11,'73-12'!D:E,2,0)) -> #N/A | T11: =IF(D11="(연결)","",VLOOKUP(D11,'104-12'!D:E,2,0)) -> #N/A | U11: =IF(D11="(연결)","",VLOOKUP(D11,'105-36'!D:E,2,0)) -> #N/A | V11: =IF(D11="(연결)","",VLOOKUP(D11,'105-72'!D:E,2,0)) -> #N/A | W11: =IF(D11="(연결)","",VLOOKUP(D11,'130-72'!D:E,2,0)) -> #N/A | X11: =IF(D11="(연결)","",VLOOKUP(D11,'150-36-2'!D:E,2,0)) -> #N/A | Y11: =IF(D11="(연결)","",VLOOKUP(D11,'166-144'!D:E,2,0)) -> #N/A | Z11: =IF(D11="(연결)","",VLOOKUP(D11,'187-144-2'!D:E,2,0)) -> #N/A | AA11: =IF(D11="(연결)","",VLOOKUP(D11,'201-36'!D:E,2,0)) -> #N/A | AB11: =IF(D11="(연결)","",VLOOKUP(D11,'201-72'!D:E,2,0)) -> #N/A | AC11: =IF(D11="(연결)","",VLOOKUP(D11,'201-72-2'!D:E,2,0)) -> #N/A | AD11: =IF(D11="(연결)","",VLOOKUP(D11,'134-36'!D:E,2,0)) -> #N/A | AE11: 인천간석사옥/인천종합국사(1층)~인천종합 GS/B?-??-1[8820A081] [인천종합 만수 MS/B?-??-1[8820A081]] | AF11: N | AH11: 홈/기업 | AI11: FTTH 1차 RN | AR11: 인천간석사옥/인천종합국사(1층) | AW11: 인천종합 GS/B?-??-1[8820A081]
A12: 1 | B12: 4 | C12: 운영중(OK) | D12: 9842945 | E12: 4 | F12: =IF(D12="(연결)","",VLOOKUP(D12,'115-144'!D:E,2,0)) -> #N/A | G12: =IF(D12="(연결)","",VLOOKUP(D12,'(115-288)'!D:E,2,0)) -> #N/A | H12: =IF(D12="(연결)","",VLOOKUP(D12,'44-144'!D:E,2,0)) -> #N/A | I12: =IF(D12="(연결)","",VLOOKUP(D12,'44-144-1'!D:E,2,0)) -> #N/A | J12: =IF(D12="(연결)","",VLOOKUP(D12,'44-288'!D:E,2,0)) -> 205 | K12: =IF(D12="(연결)","",VLOOKUP(D12,'44-288-1'!D:E,2,0)) -> #N/A | L12: =IF(D12="(연결)","",VLOOKUP(D12,'(44-288)'!D:E,2,0)) -> 41 | M12: =IF(D12="(연결)","",VLOOKUP(D12,'46-288'!D:E,2,0)) -> #N/A | N12: =IF(D12="(연결)","",VLOOKUP(D12,'46-288-1'!D:E,2,0)) -> #N/A | O12: =IF(D12="(연결)","",VLOOKUP(D12,'46-288-2'!D:E,2,0)) -> #N/A | P12: =IF(D12="(연결)","",VLOOKUP(D12,'(46-288)'!D:E,2,0)) -> #N/A | Q12: =IF(D12="(연결)","",VLOOKUP(D12,'72-72'!D:E,2,0)) -> #N/A | R12: =IF(D12="(연결)","",VLOOKUP(D12,'72-144'!D:E,2,0)) -> #N/A | S12: =IF(D12="(연결)","",VLOOKUP(D12,'73-12'!D:E,2,0)) -> #N/A | T12: =IF(D12="(연결)","",VLOOKUP(D12,'104-12'!D:E,2,0)) -> #N/A | U12: =IF(D12="(연결)","",VLOOKUP(D12,'105-36'!D:E,2,0)) -> #N/A | V12: =IF(D12="(연결)","",VLOOKUP(D12,'105-72'!D:E,2,0)) -> #N/A | W12: =IF(D12="(연결)","",VLOOKUP(D12,'130-72'!D:E,2,0)) -> #N/A | X12: =IF(D12="(연결)","",VLOOKUP(D12,'150-36-2'!D:E,2,0)) -> #N/A | Y12: =IF(D12="(연결)","",VLOOKUP(D12,'166-144'!D:E,2,0)) -> #N/A | Z12: =IF(D12="(연결)","",VLOOKUP(D12,'187-144-2'!D:E,2,0)) -> #N/A | AA12: =IF(D12="(연결)","",VLOOKUP(D12,'201-36'!D:E,2,0)) -> #N/A | AB12: =IF(D12="(연결)","",VLOOKUP(D12,'201-72'!D:E,2,0)) -> #N/A | AC12: =IF(D12="(연결)","",VLOOKUP(D12,'201-72-2'!D:E,2,0)) -> #N/A | AD12: =IF(D12="(연결)","",VLOOKUP(D12,'134-36'!D:E,2,0)) -> #N/A | AE12: 인천간석사옥/인천종합국사(1층)~500087838775_인천지하철2호선_모래내시장역/[중]남동구청역 지하2층 본선 [HLB_인천간석C3_3330A_만수_터_인천2호선(1500062728.1600209028.1500062761)] | AF12: N | AH12: 기타 | AI12: 기타 | AR12: 인천간석사옥/인천종합국사(1층) | AW12: 500087838775_인천지하철2호선_모래내시장역/[중]남동구청역 지하2층 본선
A13: 1 | B13: 5 | C13: 운영중(OK) | D13: 9842947 | E13: 5 | F13: =IF(D13="(연결)","",VLOOKUP(D13,'115-144'!D:E,2,0)) -> #N/A | G13: =IF(D13="(연결)","",VLOOKUP(D13,'(115-288)'!D:E,2,0)) -> #N/A | H13: =IF(D13="(연결)","",VLOOKUP(D13,'44-144'!D:E,2,0)) -> #N/A | I13: =IF(D13="(연결)","",VLOOKUP(D13,'44-144-1'!D:E,2,0)) -> #N/A | J13: =IF(D13="(연결)","",VLOOKUP(D13,'44-288'!D:E,2,0)) -> 206 | K13: =IF(D13="(연결)","",VLOOKUP(D13,'44-288-1'!D:E,2,0)) -> #N/A | L13: =IF(D13="(연결)","",VLOOKUP(D13,'(44-288)'!D:E,2,0)) -> 42 | M13: =IF(D13="(연결)","",VLOOKUP(D13,'46-288'!D:E,2,0)) -> #N/A | N13: =IF(D13="(연결)","",VLOOKUP(D13,'46-288-1'!D:E,2,0)) -> #N/A | O13: =IF(D13="(연결)","",VLOOKUP(D13,'46-288-2'!D:E,2,0)) -> #N/A | P13: =IF(D13="(연결)","",VLOOKUP(D13,'(46-288)'!D:E,2,0)) -> #N/A | Q13: =IF(D13="(연결)","",VLOOKUP(D13,'72-72'!D:E,2,0)) -> #N/A | R13: =IF(D13="(연결)","",VLOOKUP(D13,'72-144'!D:E,2,0)) -> #N/A | S13: =IF(D13="(연결)","",VLOOKUP(D13,'73-12'!D:E,2,0)) -> #N/A | T13: =IF(D13="(연결)","",VLOOKUP(D13,'104-12'!D:E,2,0)) -> #N/A | U13: =IF(D13="(연결)","",VLOOKUP(D13,'105-36'!D:E,2,0)) -> #N/A | V13: =IF(D13="(연결)","",VLOOKUP(D13,'105-72'!D:E,2,0)) -> #N/A | W13: =IF(D13="(연결)","",VLOOKUP(D13,'130-72'!D:E,2,0)) -> #N/A | X13: =IF(D13="(연결)","",VLOOKUP(D13,'150-36-2'!D:E,2,0)) -> #N/A | Y13: =IF(D13="(연결)","",VLOOKUP(D13,'166-144'!D:E,2,0)) -> #N/A | Z13: =IF(D13="(연결)","",VLOOKUP(D13,'187-144-2'!D:E,2,0)) -> #N/A | AA13: =IF(D13="(연결)","",VLOOKUP(D13,'201-36'!D:E,2,0)) -> #N/A | AB13: =IF(D13="(연결)","",VLOOKUP(D13,'201-72'!D:E,2,0)) -> #N/A | AC13: =IF(D13="(연결)","",VLOOKUP(D13,'201-72-2'!D:E,2,0)) -> #N/A | AD13: =IF(D13="(연결)","",VLOOKUP(D13,'134-36'!D:E,2,0)) -> #N/A | AE13: 인천간석사옥/인천종합국사(1층)~500087838775_인천지하철2호선_모래내시장역/[중]남동구청역 지하2층 본선 [HLB_인천간석C3_3320A_만수_터_인천2호선(1500062727.1600209027.1500062760)] | AF13: N | AH13: 기타 | AI13: 기타 | AR13: 인천간석사옥/인천종합국사(1층) | AW13: 500087838775_인천지하철2호선_모래내시장역/[중]남동구청역 지하2층 본선
A14: 1 | B14: 6 | C14: 운영중(OK) | D14: 9842951 | E14: 6 | F14: =IF(D14="(연결)","",VLOOKUP(D14,'115-144'!D:E,2,0)) -> #N/A | G14: =IF(D14="(연결)","",VLOOKUP(D14,'(115-288)'!D:E,2,0)) -> #N/A | H14: =IF(D14="(연결)","",VLOOKUP(D14,'44-144'!D:E,2,0)) -> #N/A | I14: =IF(D14="(연결)","",VLOOKUP(D14,'44-144-1'!D:E,2,0)) -> #N/A | J14: =IF(D14="(연결)","",VLOOKUP(D14,'44-288'!D:E,2,0)) -> 207 | K14: =IF(D14="(연결)","",VLOOKUP(D14,'44-288-1'!D:E,2,0)) -> #N/A | L14: =IF(D14="(연결)","",VLOOKUP(D14,'(44-288)'!D:E,2,0)) -> 43 | M14: =IF(D14="(연결)","",VLOOKUP(D14,'46-288'!D:E,2,0)) -> #N/A | N14: =IF(D14="(연결)","",VLOOKUP(D14,'46-288-1'!D:E,2,0)) -> #N/A | O14: =IF(D14="(연결)","",VLOOKUP(D14,'46-288-2'!D:E,2,0)) -> #N/A | P14: =IF(D14="(연결)","",VLOOKUP(D14,'(46-288)'!D:E,2,0)) -> #N/A | Q14: =IF(D14="(연결)","",VLOOKUP(D14,'72-72'!D:E,2,0)) -> #N/A | R14: =IF(D14="(연결)","",VLOOKUP(D14,'72-144'!D:E,2,0)) -> #N/A | S14: =IF(D14="(연결)","",VLOOKUP(D14,'73-12'!D:E,2,0)) -> #N/A | T14: =IF(D14="(연결)","",VLOOKUP(D14,'104-12'!D:E,2,0)) -> #N/A | U14: =IF(D14="(연결)","",VLOOKUP(D14,'105-36'!D:E,2,0)) -> #N/A | V14: =IF(D14="(연결)","",VLOOKUP(D14,'105-72'!D:E,2,0)) -> #N/A | W14: =IF(D14="(연결)","",VLOOKUP(D14,'130-72'!D:E,2,0)) -> #N/A | X14: =IF(D14="(연결)","",VLOOKUP(D14,'150-36-2'!D:E,2,0)) -> #N/A | Y14: =IF(D14="(연결)","",VLOOKUP(D14,'166-144'!D:E,2,0)) -> #N/A | Z14: =IF(D14="(연결)","",VLOOKUP(D14,'187-144-2'!D:E,2,0)) -> #N/A | AA14: =IF(D14="(연결)","",VLOOKUP(D14,'201-36'!D:E,2,0)) -> #N/A | AB14: =IF(D14="(연결)","",VLOOKUP(D14,'201-72'!D:E,2,0)) -> #N/A | AC14: =IF(D14="(연결)","",VLOOKUP(D14,'201-72-2'!D:E,2,0)) -> #N/A | AD14: =IF(D14="(연결)","",VLOOKUP(D14,'134-36'!D:E,2,0)) -> #N/A | AE14: 인천간석사옥/인천종합국사(1층)~500087838775_인천지하철2호선_모래내시장역/[중]남동구청역 지하2층 본선 [HLB_인천간석C3_3450A_만수_터_인천2호선(1500062730.1600209030.1500062763)] | AF14: N | AH14: 기타 | AI14: 기타 | AR14: 인천간석사옥/인천종합국사(1층) | AW14: 500087838775_인천지하철2호선_모래내시장역/[중]남동구청역 지하2층 본선
A15: 1 | B15: 7 | C15: 운영중(OK) | D15: 9842954 | E15: 7 | F15: =IF(D15="(연결)","",VLOOKUP(D15,'115-144'!D:E,2,0)) -> #N/A | G15: =IF(D15="(연결)","",VLOOKUP(D15,'(115-288)'!D:E,2,0)) -> #N/A | H15: =IF(D15="(연결)","",VLOOKUP(D15,'44-144'!D:E,2,0)) -> #N/A | I15: =IF(D15="(연결)","",VLOOKUP(D15,'44-144-1'!D:E,2,0)) -> #N/A | J15: =IF(D15="(연결)","",VLOOKUP(D15,'44-288'!D:E,2,0)) -> 208 | K15: =IF(D15="(연결)","",VLOOKUP(D15,'44-288-1'!D:E,2,0)) -> #N/A | L15: =IF(D15="(연결)","",VLOOKUP(D15,'(44-288)'!D:E,2,0)) -> 44 | M15: =IF(D15="(연결)","",VLOOKUP(D15,'46-288'!D:E,2,0)) -> #N/A | N15: =IF(D15="(연결)","",VLOOKUP(D15,'46-288-1'!D:E,2,0)) -> #N/A | O15: =IF(D15="(연결)","",VLOOKUP(D15,'46-288-2'!D:E,2,0)) -> #N/A | P15: =IF(D15="(연결)","",VLOOKUP(D15,'(46-288)'!D:E,2,0)) -> #N/A | Q15: =IF(D15="(연결)","",VLOOKUP(D15,'72-72'!D:E,2,0)) -> #N/A | R15: =IF(D15="(연결)","",VLOOKUP(D15,'72-144'!D:E,2,0)) -> #N/A | S15: =IF(D15="(연결)","",VLOOKUP(D15,'73-12'!D:E,2,0)) -> #N/A | T15: =IF(D15="(연결)","",VLOOKUP(D15,'104-12'!D:E,2,0)) -> #N/A | U15: =IF(D15="(연결)","",VLOOKUP(D15,'105-36'!D:E,2,0)) -> #N/A | V15: =IF(D15="(연결)","",VLOOKUP(D15,'105-72'!D:E,2,0)) -> #N/A | W15: =IF(D15="(연결)","",VLOOKUP(D15,'130-72'!D:E,2,0)) -> #N/A | X15: =IF(D15="(연결)","",VLOOKUP(D15,'150-36-2'!D:E,2,0)) -> #N/A | Y15: =IF(D15="(연결)","",VLOOKUP(D15,'166-144'!D:E,2,0)) -> #N/A | Z15: =IF(D15="(연결)","",VLOOKUP(D15,'187-144-2'!D:E,2,0)) -> #N/A | AA15: =IF(D15="(연결)","",VLOOKUP(D15,'201-36'!D:E,2,0)) -> #N/A | AB15: =IF(D15="(연결)","",VLOOKUP(D15,'201-72'!D:E,2,0)) -> #N/A | AC15: =IF(D15="(연결)","",VLOOKUP(D15,'201-72-2'!D:E,2,0)) -> #N/A | AD15: =IF(D15="(연결)","",VLOOKUP(D15,'134-36'!D:E,2,0)) -> #N/A | AE15: 인천간석사옥/인천종합국사(1층)~500087838775_인천지하철2호선_모래내시장역/[중]남동구청역 지하2층 본선 [HLB_인천간석C3_3440A_만수_터_인천2호선(1500062729.1600209029.1500062762)] | AF15: N | AH15: 기타 | AI15: 기타 | AR15: 인천간석사옥/인천종합국사(1층) | AW15: 500087838775_인천지하철2호선_모래내시장역/[중]남동구청역 지하2층 본선
A16: 1 | B16: 8 | D16: (연결) | E16: 8 | F16: =IF(D16="(연결)","",VLOOKUP(D16,'115-144'!D:E,2,0)) | G16: =IF(D16="(연결)","",VLOOKUP(D16,'(115-288)'!D:E,2,0)) | H16: =IF(D16="(연결)","",VLOOKUP(D16,'44-144'!D:E,2,0)) | I16: =IF(D16="(연결)","",VLOOKUP(D16,'44-144-1'!D:E,2,0)) | J16: =IF(D16="(연결)","",VLOOKUP(D16,'44-288'!D:E,2,0)) | K16: =IF(D16="(연결)","",VLOOKUP(D16,'44-288-1'!D:E,2,0)) | L16: =IF(D16="(연결)","",VLOOKUP(D16,'(44-288)'!D:E,2,0)) | M16: =IF(D16="(연결)","",VLOOKUP(D16,'46-288'!D:E,2,0)) | O16: =IF(D16="(연결)","",VLOOKUP(D16,'46-288-2'!D:E,2,0)) | P16: =IF(D16="(연결)","",VLOOKUP(D16,'(46-288)'!D:E,2,0)) | Q16: =IF(D16="(연결)","",VLOOKUP(D16,'72-72'!D:E,2,0)) | R16: =IF(D16="(연결)","",VLOOKUP(D16,'72-144'!D:E,2,0)) | S16: =IF(D16="(연결)","",VLOOKUP(D16,'73-12'!D:E,2,0)) | T16: =IF(D16="(연결)","",VLOOKUP(D16,'104-12'!D:E,2,0)) | U16: =IF(D16="(연결)","",VLOOKUP(D16,'105-36'!D:E,2,0)) | W16: =IF(D16="(연결)","",VLOOKUP(D16,'130-72'!D:E,2,0)) | X16: =IF(D16="(연결)","",VLOOKUP(D16,'150-36-2'!D:E,2,0)) | Y16: =IF(D16="(연결)","",VLOOKUP(D16,'166-144'!D:E,2,0)) | Z16: =IF(D16="(연결)","",VLOOKUP(D16,'187-144-2'!D:E,2,0)) | AA16: =IF(D16="(연결)","",VLOOKUP(D16,'201-36'!D:E,2,0)) | AC16: =IF(D16="(연결)","",VLOOKUP(D16,'201-72-2'!D:E,2,0)) | AD16: =IF(D16="(연결)","",VLOOKUP(D16,'134-36'!D:E,2,0)) | AE16: 인천종합국사(1층)(북인천분배센터)(뱅크)~[중접완료]8820A631#1 | AF16: N
A17: 1 | B17: 9 | C17: 운영중(OK) | D17: 3060843859 | E17: 9 | F17: =IF(D17="(연결)","",VLOOKUP(D17,'115-144'!D:E,2,0)) -> #N/A | G17: =IF(D17="(연결)","",VLOOKUP(D17,'(115-288)'!D:E,2,0)) -> #N/A | H17: =IF(D17="(연결)","",VLOOKUP(D17,'44-144'!D:E,2,0)) -> #N/A | I17: =IF(D17="(연결)","",VLOOKUP(D17,'44-144-1'!D:E,2,0)) -> #N/A | J17: =IF(D17="(연결)","",VLOOKUP(D17,'44-288'!D:E,2,0)) -> #N/A | K17: =IF(D17="(연결)","",VLOOKUP(D17,'44-288-1'!D:E,2,0)) -> #N/A | L17: =IF(D17="(연결)","",VLOOKUP(D17,'(44-288)'!D:E,2,0)) -> #N/A | M17: =IF(D17="(연결)","",VLOOKUP(D17,'46-288'!D:E,2,0)) -> #N/A | N17: =IF(D17="(연결)","",VLOOKUP(D17,'46-288-1'!D:E,2,0)) -> #N/A | O17: =IF(D17="(연결)","",VLOOKUP(D17,'46-288-2'!D:E,2,0)) -> #N/A | P17: =IF(D17="(연결)","",VLOOKUP(D17,'(46-288)'!D:E,2,0)) -> #N/A | Q17: =IF(D17="(연결)","",VLOOKUP(D17,'72-72'!D:E,2,0)) -> #N/A | R17: =IF(D17="(연결)","",VLOOKUP(D17,'72-144'!D:E,2,0)) -> #N/A | S17: =IF(D17="(연결)","",VLOOKUP(D17,'73-12'!D:E,2,0)) -> #N/A | T17: =IF(D17="(연결)","",VLOOKUP(D17,'104-12'!D:E,2,0)) -> 3 | U17: =IF(D17="(연결)","",VLOOKUP(D17,'105-36'!D:E,2,0)) -> #N/A | V17: =IF(D17="(연결)","",VLOOKUP(D17,'105-72'!D:E,2,0)) -> #N/A | W17: =IF(D17="(연결)","",VLOOKUP(D17,'130-72'!D:E,2,0)) -> #N/A | X17: =IF(D17="(연결)","",VLOOKUP(D17,'150-36-2'!D:E,2,0)) -> #N/A | Y17: =IF(D17="(연결)","",VLOOKUP(D17,'166-144'!D:E,2,0)) -> #N/A | Z17: =IF(D17="(연결)","",VLOOKUP(D17,'187-144-2'!D:E,2,0)) -> #N/A | AA17: =IF(D17="(연결)","",VLOOKUP(D17,'201-36'!D:E,2,0)) -> #N/A | AB17: =IF(D17="(연결)","",VLOOKUP(D17,'201-72'!D:E,2,0)) -> #N/A | AC17: =IF(D17="(연결)","",VLOOKUP(D17,'201-72-2'!D:E,2,0)) -> #N/A | AD17: =IF(D17="(연결)","",VLOOKUP(D17,'134-36'!D:E,2,0)) -> #N/A | AE17: 인천간석사옥/인천종합국사(2층) [INIH]~간석동 우리은행(만수동지점)_500009389712/500208245586/500204869797_만수동금융센터 [간석동 우리은행(만수동지점)_500009389712/500208245586_만수동금융센터_B향] | AF17: N | AI17: 기타 | AR17: 인천간석사옥/인천종합국사(2층) [INIH] | AS17: UTRANS-1664 | AU17: 우리은행 집선#1 | AV17: P11 | AW17: 간석동 우리은행(만수동지점)_500009389712/500208245586/500204869797_만수동금융센터 | AX17: 1646SMC(AC) | AY17: 5WRB-ManSuDongGYC | AZ17: 우리은행_만수동금융센터 | BA17: P2
A18: 1 | B18: 10 | C18: 운영중(OK) | D18: 3060843860 | E18: 10 | F18: =IF(D18="(연결)","",VLOOKUP(D18,'115-144'!D:E,2,0)) -> #N/A | G18: =IF(D18="(연결)","",VLOOKUP(D18,'(115-288)'!D:E,2,0)) -> #N/A | H18: =IF(D18="(연결)","",VLOOKUP(D18,'44-144'!D:E,2,0)) -> #N/A | I18: =IF(D18="(연결)","",VLOOKUP(D18,'44-144-1'!D:E,2,0)) -> #N/A | J18: =IF(D18="(연결)","",VLOOKUP(D18,'44-288'!D:E,2,0)) -> #N/A | K18: =IF(D18="(연결)","",VLOOKUP(D18,'44-288-1'!D:E,2,0)) -> #N/A | L18: =IF(D18="(연결)","",VLOOKUP(D18,'(44-288)'!D:E,2,0)) -> #N/A | M18: =IF(D18="(연결)","",VLOOKUP(D18,'46-288'!D:E,2,0)) -> #N/A | N18: =IF(D18="(연결)","",VLOOKUP(D18,'46-288-1'!D:E,2,0)) -> #N/A | O18: =IF(D18="(연결)","",VLOOKUP(D18,'46-288-2'!D:E,2,0)) -> #N/A | P18: =IF(D18="(연결)","",VLOOKUP(D18,'(46-288)'!D:E,2,0)) -> #N/A | Q18: =IF(D18="(연결)","",VLOOKUP(D18,'72-72'!D:E,2,0)) -> #N/A | R18: =IF(D18="(연결)","",VLOOKUP(D18,'72-144'!D:E,2,0)) -> #N/A | S18: =IF(D18="(연결)","",VLOOKUP(D18,'73-12'!D:E,2,0)) -> #N/A | T18: =IF(D18="(연결)","",VLOOKUP(D18,'104-12'!D:E,2,0)) -> 4 | U18: =IF(D18="(연결)","",VLOOKUP(D18,'105-36'!D:E,2,0)) -> #N/A | V18: =IF(D18="(연결)","",VLOOKUP(D18,'105-72'!D:E,2,0)) -> #N/A | W18: =IF(D18="(연결)","",VLOOKUP(D18,'130-72'!D:E,2,0)) -> #N/A | X18: =IF(D18="(연결)","",VLOOKUP(D18,'150-36-2'!D:E,2,0)) -> #N/A | Y18: =IF(D18="(연결)","",VLOOKUP(D18,'166-144'!D:E,2,0)) -> #N/A | Z18: =IF(D18="(연결)","",VLOOKUP(D18,'187-144-2'!D:E,2,0)) -> #N/A | AA18: =IF(D18="(연결)","",VLOOKUP(D18,'201-36'!D:E,2,0)) -> #N/A | AB18: =IF(D18="(연결)","",VLOOKUP(D18,'201-72'!D:E,2,0)) -> #N/A | AC18: =IF(D18="(연결)","",VLOOKUP(D18,'201-72-2'!D:E,2,0)) -> #N/A | AD18: =IF(D18="(연결)","",VLOOKUP(D18,'134-36'!D:E,2,0)) -> #N/A | AE18: 인천간석사옥/인천종합국사(2층) [INIH]~간석동 우리은행(만수동지점)_500009389712/500208245586/500204869797_만수동금융센터 [간석동 우리은행(만수동지점)_500009389712/500208245586_만수동금융센터_B향] | AF18: N | AI18: 기타 | AR18: 인천간석사옥/인천종합국사(2층) [INIH] | AS18: UTRANS-1664 | AU18: 우리은행 집선#1 | AV18: P11 | AW18: 간석동 우리은행(만수동지점)_500009389712/500208245586/500204869797_만수동금융센터 | AX18: 1646SMC(AC) | AY18: 5WRB-ManSuDongGYC | AZ18: 우리은행_만수동금융센터 | BA18: P2
A19: 1 | B19: 11 | C19: 운영중(OK) | D19: 9842955 | E19: 11 | F19: =IF(D19="(연결)","",VLOOKUP(D19,'115-144'!D:E,2,0)) -> #N/A | G19: =IF(D19="(연결)","",VLOOKUP(D19,'(115-288)'!D:E,2,0)) -> #N/A | H19: =IF(D19="(연결)","",VLOOKUP(D19,'44-144'!D:E,2,0)) -> #N/A | I19: =IF(D19="(연결)","",VLOOKUP(D19,'44-144-1'!D:E,2,0)) -> #N/A | J19: =IF(D19="(연결)","",VLOOKUP(D19,'44-288'!D:E,2,0)) -> 209 | K19: =IF(D19="(연결)","",VLOOKUP(D19,'44-288-1'!D:E,2,0)) -> #N/A | L19: =IF(D19="(연결)","",VLOOKUP(D19,'(44-288)'!D:E,2,0)) -> 45 | M19: =IF(D19="(연결)","",VLOOKUP(D19,'46-288'!D:E,2,0)) -> #N/A | N19: =IF(D19="(연결)","",VLOOKUP(D19,'46-288-1'!D:E,2,0)) -> #N/A | O19: =IF(D19="(연결)","",VLOOKUP(D19,'46-288-2'!D:E,2,0)) -> #N/A | P19: =IF(D19="(연결)","",VLOOKUP(D19,'(46-288)'!D:E,2,0)) -> #N/A | Q19: =IF(D19="(연결)","",VLOOKUP(D19,'72-72'!D:E,2,0)) -> #N/A | R19: =IF(D19="(연결)","",VLOOKUP(D19,'72-144'!D:E,2,0)) -> #N/A | S19: =IF(D19="(연결)","",VLOOKUP(D19,'73-12'!D:E,2,0)) -> #N/A | T19: =IF(D19="(연결)","",VLOOKUP(D19,'104-12'!D:E,2,0)) -> #N/A | U19: =IF(D19="(연결)","",VLOOKUP(D19,'105-36'!D:E,2,0)) -> #N/A | V19: =IF(D19="(연결)","",VLOOKUP(D19,'105-72'!D:E,2,0)) -> #N/A | W19: =IF(D19="(연결)","",VLOOKUP(D19,'130-72'!D:E,2,0)) -> #N/A | X19: =IF(D19="(연결)","",VLOOKUP(D19,'150-36-2'!D:E,2,0)) -> #N/A | Y19: =IF(D19="(연결)","",VLOOKUP(D19,'166-144'!D:E,2,0)) -> #N/A | Z19: =IF(D19="(연결)","",VLOOKUP(D19,'187-144-2'!D:E,2,0)) -> #N/A | AA19: =IF(D19="(연결)","",VLOOKUP(D19,'201-36'!D:E,2,0)) -> #N/A | AB19: =IF(D19="(연결)","",VLOOKUP(D19,'201-72'!D:E,2,0)) -> #N/A | AC19: =IF(D19="(연결)","",VLOOKUP(D19,'201-72-2'!D:E,2,0)) -> #N/A | AD19: =IF(D19="(연결)","",VLOOKUP(D19,'134-36'!D:E,2,0)) -> #N/A | AE19: 인천간석사옥/인천종합국사(1층)~500087838775_인천지하철2호선_모래내시장역/[중]남동구청역 지하2층 본선 [HLB_인천간석C4_3210A_남동구청_터_인천2호선(1500062732.1600209032.1500062765)] | AF19: N | AH19: 기타 | AI19: 기타 | AR19: 인천간석사옥/인천종합국사(1층) | AW19: 500087838775_인천지하철2호선_모래내시장역/[중]남동구청역 지하2층 본선
A20: 1 | B20: 12 | C20: 운영중(OK) | D20: 9842956 | E20: 12 | F20: =IF(D20="(연결)","",VLOOKUP(D20,'115-144'!D:E,2,0)) -> #N/A | G20: =IF(D20="(연결)","",VLOOKUP(D20,'(115-288)'!D:E,2,0)) -> #N/A | H20: =IF(D20="(연결)","",VLOOKUP(D20,'44-144'!D:E,2,0)) -> #N/A | I20: =IF(D20="(연결)","",VLOOKUP(D20,'44-144-1'!D:E,2,0)) -> #N/A | J20: =IF(D20="(연결)","",VLOOKUP(D20,'44-288'!D:E,2,0)) -> 210 | K20: =IF(D20="(연결)","",VLOOKUP(D20,'44-288-1'!D:E,2,0)) -> #N/A | L20: =IF(D20="(연결)","",VLOOKUP(D20,'(44-288)'!D:E,2,0)) -> 46 | M20: =IF(D20="(연결)","",VLOOKUP(D20,'46-288'!D:E,2,0)) -> #N/A | N20: =IF(D20="(연결)","",VLOOKUP(D20,'46-288-1'!D:E,2,0)) -> #N/A | O20: =IF(D20="(연결)","",VLOOKUP(D20,'46-288-2'!D:E,2,0)) -> #N/A | P20: =IF(D20="(연결)","",VLOOKUP(D20,'(46-288)'!D:E,2,0)) -> #N/A | Q20: =IF(D20="(연결)","",VLOOKUP(D20,'72-72'!D:E,2,0)) -> #N/A | R20: =IF(D20="(연결)","",VLOOKUP(D20,'72-144'!D:E,2,0)) -> #N/A | S20: =IF(D20="(연결)","",VLOOKUP(D20,'73-12'!D:E,2,0)) -> #N/A | T20: =IF(D20="(연결)","",VLOOKUP(D20,'104-12'!D:E,2,0)) -> #N/A | U20: =IF(D20="(연결)","",VLOOKUP(D20,'105-36'!D:E,2,0)) -> #N/A | V20: =IF(D20="(연결)","",VLOOKUP(D20,'105-72'!D:E,2,0)) -> #N/A | W20: =IF(D20="(연결)","",VLOOKUP(D20,'130-72'!D:E,2,0)) -> #N/A | X20: =IF(D20="(연결)","",VLOOKUP(D20,'150-36-2'!D:E,2,0)) -> #N/A | Y20: =IF(D20="(연결)","",VLOOKUP(D20,'166-144'!D:E,2,0)) -> #N/A | Z20: =IF(D20="(연결)","",VLOOKUP(D20,'187-144-2'!D:E,2,0)) -> #N/A | AA20: =IF(D20="(연결)","",VLOOKUP(D20,'201-36'!D:E,2,0)) -> #N/A | AB20: =IF(D20="(연결)","",VLOOKUP(D20,'201-72'!D:E,2,0)) -> #N/A | AC20: =IF(D20="(연결)","",VLOOKUP(D20,'201-72-2'!D:E,2,0)) -> #N/A | AD20: =IF(D20="(연결)","",VLOOKUP(D20,'134-36'!D:E,2,0)) -> #N/A | AE20: 인천간석사옥/인천종합국사(1층)~500087838775_인천지하철2호선_모래내시장역/[중]남동구청역 지하2층 본선 [HLB_인천간석C4_3200A_남동구청_터_인천2호선(1500062711.1600209033.1500062764)] | AF20: N | AH20: 기타 | AI20: 기타 | AR20: 인천간석사옥/인천종합국사(1층) | AW20: 500087838775_인천지하철2호선_모래내시장역/[중]남동구청역 지하2층 본선
A21: Unit#2 | F21: =IF(D21="(연결)","",VLOOKUP(D21,'115-144'!D:E,2,0)) | G21: =IF(D21="(연결)","",VLOOKUP(D21,'(115-288)'!D:E,2,0)) | H21: =IF(D21="(연결)","",VLOOKUP(D21,'44-144'!D:E,2,0)) | I21: =IF(D21="(연결)","",VLOOKUP(D21,'44-144-1'!D:E,2,0)) | J21: =IF(D21="(연결)","",VLOOKUP(D21,'44-288'!D:E,2,0)) | K21: =IF(D21="(연결)","",VLOOKUP(D21,'44-288-1'!D:E,2,0)) | L21: =IF(D21="(연결)","",VLOOKUP(D21,'(44-288)'!D:E,2,0)) | M21: =IF(D21="(연결)","",VLOOKUP(D21,'46-288'!D:E,2,0)) | O21: =IF(D21="(연결)","",VLOOKUP(D21,'46-288-2'!D:E,2,0)) | P21: =IF(D21="(연결)","",VLOOKUP(D21,'(46-288)'!D:E,2,0)) | Q21: =IF(D21="(연결)","",VLOOKUP(D21,'72-72'!D:E,2,0)) | R21: =IF(D21="(연결)","",VLOOKUP(D21,'72-144'!D:E,2,0)) | S21: =IF(D21="(연결)","",VLOOKUP(D21,'73-12'!D:E,2,0)) | T21: =IF(D21="(연결)","",VLOOKUP(D21,'104-12'!D:E,2,0)) | U21: =IF(D21="(연결)","",VLOOKUP(D21,'105-36'!D:E,2,0)) | W21: =IF(D21="(연결)","",VLOOKUP(D21,'130-72'!D:E,2,0)) | X21: =IF(D21="(연결)","",VLOOKUP(D21,'150-36-2'!D:E,2,0)) | Y21: =IF(D21="(연결)","",VLOOKUP(D21,'166-144'!D:E,2,0)) | Z21: =IF(D21="(연결)","",VLOOKUP(D21,'187-144-2'!D:E,2,0)) | AA21: =IF(D21="(연결)","",VLOOKUP(D21,'201-36'!D:E,2,0)) | AC21: =IF(D21="(연결)","",VLOOKUP(D21,'201-72-2'!D:E,2,0)) | AD21: =IF(D21="(연결)","",VLOOKUP(D21,'134-36'!D:E,2,0))
A22: 2 | B22: 13 | D22: (연결) | E22: 13 | F22: =IF(D22="(연결)","",VLOOKUP(D22,'115-144'!D:E,2,0)) | G22: =IF(D22="(연결)","",VLOOKUP(D22,'(115-288)'!D:E,2,0)) | H22: =IF(D22="(연결)","",VLOOKUP(D22,'44-144'!D:E,2,0)) | I22: =IF(D22="(연결)","",VLOOKUP(D22,'44-144-1'!D:E,2,0)) | J22: =IF(D22="(연결)","",VLOOKUP(D22,'44-288'!D:E,2,0)) | K22: =IF(D22="(연결)","",VLOOKUP(D22,'44-288-1'!D:E,2,0)) | L22: =IF(D22="(연결)","",VLOOKUP(D22,'(44-288)'!D:E,2,0)) | M22: =IF(D22="(연결)","",VLOOKUP(D22,'46-288'!D:E,2,0)) | O22: =IF(D22="(연결)","",VLOOKUP(D22,'46-288-2'!D:E,2,0)) | P22: =IF(D22="(연결)","",VLOOKUP(D22,'(46-288)'!D:E,2,0)) | Q22: =IF(D22="(연결)","",VLOOKUP(D22,'72-72'!D:E,2,0)) | R22: =IF(D22="(연결)","",VLOOKUP(D22,'72-144'!D:E,2,0)) | S22: =IF(D22="(연결)","",VLOOKUP(D22,'73-12'!D:E,2,0)) | T22: =IF(D22="(연결)","",VLOOKUP(D22,'104-12'!D:E,2,0)) | U22: =IF(D22="(연결)","",VLOOKUP(D22,'105-36'!D:E,2,0)) | W22: =IF(D22="(연결)","",VLOOKUP(D22,'130-72'!D:E,2,0)) | X22: =IF(D22="(연결)","",VLOOKUP(D22,'150-36-2'!D:E,2,0)) | Y22: =IF(D22="(연결)","",VLOOKUP(D22,'166-144'!D:E,2,0)) | Z22: =IF(D22="(연결)","",VLOOKUP(D22,'187-144-2'!D:E,2,0)) | AA22: =IF(D22="(연결)","",VLOOKUP(D22,'201-36'!D:E,2,0)) | AC22: =IF(D22="(연결)","",VLOOKUP(D22,'201-72-2'!D:E,2,0)) | AD22: =IF(D22="(연결)","",VLOOKUP(D22,'134-36'!D:E,2,0)) | AE22: ~ | AF22: N
A23: 2 | B23: 14 | D23: (연결) | E23: 14 | F23: =IF(D23="(연결)","",VLOOKUP(D23,'115-144'!D:E,2,0)) | G23: =IF(D23="(연결)","",VLOOKUP(D23,'(115-288)'!D:E,2,0)) | H23: =IF(D23="(연결)","",VLOOKUP(D23,'44-144'!D:E,2,0)) | I23: =IF(D23="(연결)","",VLOOKUP(D23,'44-144-1'!D:E,2,0)) | J23: =IF(D23="(연결)","",VLOOKUP(D23,'44-288'!D:E,2,0)) | K23: =IF(D23="(연결)","",VLOOKUP(D23,'44-288-1'!D:E,2,0)) | L23: =IF(D23="(연결)","",VLOOKUP(D23,'(44-288)'!D:E,2,0)) | M23: =IF(D23="(연결)","",VLOOKUP(D23,'46-288'!D:E,2,0)) | O23: =IF(D23="(연결)","",VLOOKUP(D23,'46-288-2'!D:E,2,0)) | P23: =IF(D23="(연결)","",VLOOKUP(D23,'(46-288)'!D:E,2,0)) | Q23: =IF(D23="(연결)","",VLOOKUP(D23,'72-72'!D:E,2,0)) | R23: =IF(D23="(연결)","",VLOOKUP(D23,'72-144'!D:E,2,0)) | S23: =IF(D23="(연결)","",VLOOKUP(D23,'73-12'!D:E,2,0)) | T23: =IF(D23="(연결)","",VLOOKUP(D23,'104-12'!D:E,2,0)) | U23: =IF(D23="(연결)","",VLOOKUP(D23,'105-36'!D:E,2,0)) | W23: =IF(D23="(연결)","",VLOOKUP(D23,'130-72'!D:E,2,0)) | X23: =IF(D23="(연결)","",VLOOKUP(D23,'150-36-2'!D:E,2,0)) | Y23: =IF(D23="(연결)","",VLOOKUP(D23,'166-144'!D:E,2,0)) | Z23: =IF(D23="(연결)","",VLOOKUP(D23,'187-144-2'!D:E,2,0)) | AA23: =IF(D23="(연결)","",VLOOKUP(D23,'201-36'!D:E,2,0)) | AC23: =IF(D23="(연결)","",VLOOKUP(D23,'201-72-2'!D:E,2,0)) | AD23: =IF(D23="(연결)","",VLOOKUP(D23,'134-36'!D:E,2,0)) | AE23: ~ | AF23: N
A24: 2 | B24: 15 | C24: 운영중(OK) | D24: 9842957 | E24: 15 | F24: =IF(D24="(연결)","",VLOOKUP(D24,'115-144'!D:E,2,0)) -> #N/A | G24: =IF(D24="(연결)","",VLOOKUP(D24,'(115-288)'!D:E,2,0)) -> #N/A | H24: =IF(D24="(연결)","",VLOOKUP(D24,'44-144'!D:E,2,0)) -> #N/A | I24: =IF(D24="(연결)","",VLOOKUP(D24,'44-144-1'!D:E,2,0)) -> #N/A | J24: =IF(D24="(연결)","",VLOOKUP(D24,'44-288'!D:E,2,0)) -> 211 | K24: =IF(D24="(연결)","",VLOOKUP(D24,'44-288-1'!D:E,2,0)) -> #N/A | L24: =IF(D24="(연결)","",VLOOKUP(D24,'(44-288)'!D:E,2,0)) -> 47 | M24: =IF(D24="(연결)","",VLOOKUP(D24,'46-288'!D:E,2,0)) -> #N/A | N24: =IF(D24="(연결)","",VLOOKUP(D24,'46-288-1'!D:E,2,0)) -> #N/A | O24: =IF(D24="(연결)","",VLOOKUP(D24,'46-288-2'!D:E,2,0)) -> #N/A | P24: =IF(D24="(연결)","",VLOOKUP(D24,'(46-288)'!D:E,2,0)) -> #N/A | Q24: =IF(D24="(연결)","",VLOOKUP(D24,'72-72'!D:E,2,0)) -> #N/A | R24: =IF(D24="(연결)","",VLOOKUP(D24,'72-144'!D:E,2,0)) -> #N/A | S24: =IF(D24="(연결)","",VLOOKUP(D24,'73-12'!D:E,2,0)) -> #N/A | T24: =IF(D24="(연결)","",VLOOKUP(D24,'104-12'!D:E,2,0)) -> #N/A | U24: =IF(D24="(연결)","",VLOOKUP(D24,'105-36'!D:E,2,0)) -> #N/A | V24: =IF(D24="(연결)","",VLOOKUP(D24,'105-72'!D:E,2,0)) -> #N/A | W24: =IF(D24="(연결)","",VLOOKUP(D24,'130-72'!D:E,2,0)) -> #N/A | X24: =IF(D24="(연결)","",VLOOKUP(D24,'150-36-2'!D:E,2,0)) -> #N/A | Y24: =IF(D24="(연결)","",VLOOKUP(D24,'166-144'!D:E,2,0)) -> #N/A | Z24: =IF(D24="(연결)","",VLOOKUP(D24,'187-144-2'!D:E,2,0)) -> #N/A | AA24: =IF(D24="(연결)","",VLOOKUP(D24,'201-36'!D:E,2,0)) -> #N/A | AB24: =IF(D24="(연결)","",VLOOKUP(D24,'201-72'!D:E,2,0)) -> #N/A | AC24: =IF(D24="(연결)","",VLOOKUP(D24,'201-72-2'!D:E,2,0)) -> #N/A | AD24: =IF(D24="(연결)","",VLOOKUP(D24,'134-36'!D:E,2,0)) -> #N/A | AE24: 인천간석사옥/인천종합국사(1층)~500087838775_인천지하철2호선_모래내시장역/[중]남동구청역 지하2층 본선 [HLB_인천간석C4_3330A_남동구청_승_인천2호선(1500062733.1600209034.1500062766)] | AF24: N | AH24: 기타 | AI24: 기타 | AR24: 인천간석사옥/인천종합국사(1층) | AW24: 500087838775_인천지하철2호선_모래내시장역/[중]남동구청역 지하2층 본선
A25: 2 | B25: 16 | C25: 운영중(OK) | D25: 9842970 | E25: 16 | F25: =IF(D25="(연결)","",VLOOKUP(D25,'115-144'!D:E,2,0)) -> #N/A | G25: =IF(D25="(연결)","",VLOOKUP(D25,'(115-288)'!D:E,2,0)) -> #N/A | H25: =IF(D25="(연결)","",VLOOKUP(D25,'44-144'!D:E,2,0)) -> #N/A | I25: =IF(D25="(연결)","",VLOOKUP(D25,'44-144-1'!D:E,2,0)) -> #N/A | J25: =IF(D25="(연결)","",VLOOKUP(D25,'44-288'!D:E,2,0)) -> 212 | K25: =IF(D25="(연결)","",VLOOKUP(D25,'44-288-1'!D:E,2,0)) -> #N/A | L25: =IF(D25="(연결)","",VLOOKUP(D25,'(44-288)'!D:E,2,0)) -> 48 | M25: =IF(D25="(연결)","",VLOOKUP(D25,'46-288'!D:E,2,0)) -> #N/A | N25: =IF(D25="(연결)","",VLOOKUP(D25,'46-288-1'!D:E,2,0)) -> #N/A | O25: =IF(D25="(연결)","",VLOOKUP(D25,'46-288-2'!D:E,2,0)) -> #N/A | P25: =IF(D25="(연결)","",VLOOKUP(D25,'(46-288)'!D:E,2,0)) -> #N/A | Q25: =IF(D25="(연결)","",VLOOKUP(D25,'72-72'!D:E,2,0)) -> #N/A | R25: =IF(D25="(연결)","",VLOOKUP(D25,'72-144'!D:E,2,0)) -> #N/A | S25: =IF(D25="(연결)","",VLOOKUP(D25,'73-12'!D:E,2,0)) -> #N/A | T25: =IF(D25="(연결)","",VLOOKUP(D25,'104-12'!D:E,2,0)) -> #N/A | U25: =IF(D25="(연결)","",VLOOKUP(D25,'105-36'!D:E,2,0)) -> #N/A | V25: =IF(D25="(연결)","",VLOOKUP(D25,'105-72'!D:E,2,0)) -> #N/A | W25: =IF(D25="(연결)","",VLOOKUP(D25,'130-72'!D:E,2,0)) -> #N/A | X25: =IF(D25="(연결)","",VLOOKUP(D25,'150-36-2'!D:E,2,0)) -> #N/A | Y25: =IF(D25="(연결)","",VLOOKUP(D25,'166-144'!D:E,2,0)) -> #N/A | Z25: =IF(D25="(연결)","",VLOOKUP(D25,'187-144-2'!D:E,2,0)) -> #N/A | AA25: =IF(D25="(연결)","",VLOOKUP(D25,'201-36'!D:E,2,0)) -> #N/A | AB25: =IF(D25="(연결)","",VLOOKUP(D25,'201-72'!D:E,2,0)) -> #N/A | AC25: =IF(D25="(연결)","",VLOOKUP(D25,'201-72-2'!D:E,2,0)) -> #N/A | AD25: =IF(D25="(연결)","",VLOOKUP(D25,'134-36'!D:E,2,0)) -> #N/A | AE25: 인천간석사옥/인천종합국사(1층)~500087838775_인천지하철2호선_모래내시장역/[중]남동구청역 지하2층 본선 [HLB_인천간석C4_3320A_남동구청_대_인천2호선(1500062731.1600209031.1500062744)] | AF25: N | AH25: 기타 | AI25: 기타 | AR25: 인천간석사옥/인천종합국사(1층) | AW25: 500087838775_인천지하철2호선_모래내시장역/[중]남동구청역 지하2층 본선
A26: 2 | B26: 17 | D26: (연결) | E26: 17 | F26: =IF(D26="(연결)","",VLOOKUP(D26,'115-144'!D:E,2,0)) | G26: =IF(D26="(연결)","",VLOOKUP(D26,'(115-288)'!D:E,2,0)) | H26: =IF(D26="(연결)","",VLOOKUP(D26,'44-144'!D:E,2,0)) | I26: =IF(D26="(연결)","",VLOOKUP(D26,'44-144-1'!D:E,2,0)) | J26: =IF(D26="(연결)","",VLOOKUP(D26,'44-288'!D:E,2,0)) | K26: =IF(D26="(연결)","",VLOOKUP(D26,'44-288-1'!D:E,2,0)) | L26: =IF(D26="(연결)","",VLOOKUP(D26,'(44-288)'!D:E,2,0)) | M26: =IF(D26="(연결)","",VLOOKUP(D26,'46-288'!D:E,2,0)) | O26: =IF(D26="(연결)","",VLOOKUP(D26,'46-288-2'!D:E,2,0)) | P26: =IF(D26="(연결)","",VLOOKUP(D26,'(46-288)'!D:E,2,0)) | Q26: =IF(D26="(연결)","",VLOOKUP(D26,'72-72'!D:E,2,0)) | R26: =IF(D26="(연결)","",VLOOKUP(D26,'72-144'!D:E,2,0)) | S26: =IF(D26="(연결)","",VLOOKUP(D26,'73-12'!D:E,2,0)) | T26: =IF(D26="(연결)","",VLOOKUP(D26,'104-12'!D:E,2,0)) | U26: =IF(D26="(연결)","",VLOOKUP(D26,'105-36'!D:E,2,0)) | W26: =IF(D26="(연결)","",VLOOKUP(D26,'130-72'!D:E,2,0)) | X26: =IF(D26="(연결)","",VLOOKUP(D26,'150-36-2'!D:E,2,0)) | Y26: =IF(D26="(연결)","",VLOOKUP(D26,'166-144'!D:E,2,0)) | Z26: =IF(D26="(연결)","",VLOOKUP(D26,'187-144-2'!D:E,2,0)) | AA26: =IF(D26="(연결)","",VLOOKUP(D26,'201-36'!D:E,2,0)) | AC26: =IF(D26="(연결)","",VLOOKUP(D26,'201-72-2'!D:E,2,0)) | AD26: =IF(D26="(연결)","",VLOOKUP(D26,'134-36'!D:E,2,0)) | AE26: ~ | AF26: N
A27: 2 | B27: 18 | D27: (연결) | E27: 18 | F27: =IF(D27="(연결)","",VLOOKUP(D27,'115-144'!D:E,2,0)) | G27: =IF(D27="(연결)","",VLOOKUP(D27,'(115-288)'!D:E,2,0)) | H27: =IF(D27="(연결)","",VLOOKUP(D27,'44-144'!D:E,2,0)) | I27: =IF(D27="(연결)","",VLOOKUP(D27,'44-144-1'!D:E,2,0)) | J27: =IF(D27="(연결)","",VLOOKUP(D27,'44-288'!D:E,2,0)) | K27: =IF(D27="(연결)","",VLOOKUP(D27,'44-288-1'!D:E,2,0)) | L27: =IF(D27="(연결)","",VLOOKUP(D27,'(44-288)'!D:E,2,0)) | M27: =IF(D27="(연결)","",VLOOKUP(D27,'46-288'!D:E,2,0)) | O27: =IF(D27="(연결)","",VLOOKUP(D27,'46-288-2'!D:E,2,0)) | P27: =IF(D27="(연결)","",VLOOKUP(D27,'(46-288)'!D:E,2,0)) | Q27: =IF(D27="(연결)","",VLOOKUP(D27,'72-72'!D:E,2,0)) | R27: =IF(D27="(연결)","",VLOOKUP(D27,'72-144'!D:E,2,0)) | S27: =IF(D27="(연결)","",VLOOKUP(D27,'73-12'!D:E,2,0)) | T27: =IF(D27="(연결)","",VLOOKUP(D27,'104-12'!D:E,2,0)) | U27: =IF(D27="(연결)","",VLOOKUP(D27,'105-36'!D:E,2,0)) | W27: =IF(D27="(연결)","",VLOOKUP(D27,'130-72'!D:E,2,0)) | X27: =IF(D27="(연결)","",VLOOKUP(D27,'150-36-2'!D:E,2,0)) | Y27: =IF(D27="(연결)","",VLOOKUP(D27,'166-144'!D:E,2,0)) | Z27: =IF(D27="(연결)","",VLOOKUP(D27,'187-144-2'!D:E,2,0)) | AA27: =IF(D27="(연결)","",VLOOKUP(D27,'201-36'!D:E,2,0)) | AC27: =IF(D27="(연결)","",VLOOKUP(D27,'201-72-2'!D:E,2,0)) | AD27: =IF(D27="(연결)","",VLOOKUP(D27,'134-36'!D:E,2,0)) | AE27: ~ | AF27: N
A28: 2 | B28: 19 | C28: 운영중(OK) | D28: 3061840392 | E28: 19 | F28: =IF(D28="(연결)","",VLOOKUP(D28,'115-144'!D:E,2,0)) -> #N/A | G28: =IF(D28="(연결)","",VLOOKUP(D28,'(115-288)'!D:E,2,0)) -> #N/A | H28: =IF(D28="(연결)","",VLOOKUP(D28,'44-144'!D:E,2,0)) -> 71 | I28: =IF(D28="(연결)","",VLOOKUP(D28,'44-144-1'!D:E,2,0)) -> #N/A | J28: =IF(D28="(연결)","",VLOOKUP(D28,'44-288'!D:E,2,0)) -> #N/A | K28: =IF(D28="(연결)","",VLOOKUP(D28,'44-288-1'!D:E,2,0)) -> #N/A | L28: =IF(D28="(연결)","",VLOOKUP(D28,'(44-288)'!D:E,2,0)) -> 11 | M28: =IF(D28="(연결)","",VLOOKUP(D28,'46-288'!D:E,2,0)) -> #N/A | N28: =IF(D28="(연결)","",VLOOKUP(D28,'46-288-1'!D:E,2,0)) -> #N/A | O28: =IF(D28="(연결)","",VLOOKUP(D28,'46-288-2'!D:E,2,0)) -> #N/A | P28: =IF(D28="(연결)","",VLOOKUP(D28,'(46-288)'!D:E,2,0)) -> #N/A | Q28: =IF(D28="(연결)","",VLOOKUP(D28,'72-72'!D:E,2,0)) -> #N/A | R28: =IF(D28="(연결)","",VLOOKUP(D28,'72-144'!D:E,2,0)) -> #N/A | S28: =IF(D28="(연결)","",VLOOKUP(D28,'73-12'!D:E,2,0)) -> #N/A | T28: =IF(D28="(연결)","",VLOOKUP(D28,'104-12'!D:E,2,0)) -> #N/A | U28: =IF(D28="(연결)","",VLOOKUP(D28,'105-36'!D:E,2,0)) -> #N/A | V28: =IF(D28="(연결)","",VLOOKUP(D28,'105-72'!D:E,2,0)) -> #N/A | W28: =IF(D28="(연결)","",VLOOKUP(D28,'130-72'!D:E,2,0)) -> #N/A | X28: =IF(D28="(연결)","",VLOOKUP(D28,'150-36-2'!D:E,2,0)) -> #N/A | Y28: =IF(D28="(연결)","",VLOOKUP(D28,'166-144'!D:E,2,0)) -> #N/A | Z28: =IF(D28="(연결)","",VLOOKUP(D28,'187-144-2'!D:E,2,0)) -> #N/A | AA28: =IF(D28="(연결)","",VLOOKUP(D28,'201-36'!D:E,2,0)) -> #N/A | AB28: =IF(D28="(연결)","",VLOOKUP(D28,'201-72'!D:E,2,0)) -> #N/A | AC28: =IF(D28="(연결)","",VLOOKUP(D28,'201-72-2'!D:E,2,0)) -> #N/A | AD28: =IF(D28="(연결)","",VLOOKUP(D28,'134-36'!D:E,2,0)) -> #N/A | AE28: 인천간석사옥/인천종합국사(1층)~500104297707/500252399656_인천발달장애인훈련센터 [[PTN][95INIHCA51 S.1-P2 ~ 95KEADBD_INC S.1-P1] [500252399656_인천발달장애인훈련센터]] | AF28: N | AI28: 기타 | AR28: 인천간석사옥/인천종합국사(1층) | AS28: UTRANS-7320 | AT28: 95INIHCA51 | AU28: 95INIHCA51 | AV28: P2 | AW28: 500104297707/500252399656_인천발달장애인훈련센터 | AX28: UTRANS-7400C2 | AY28: 95KEADBD_INC | AZ28: 95KEADBD_INC | BA28: P1
A29: 2 | B29: 20 | C29: 운영중(OK) | D29: 3061840393 | E29: 20 | F29: =IF(D29="(연결)","",VLOOKUP(D29,'115-144'!D:E,2,0)) -> #N/A | G29: =IF(D29="(연결)","",VLOOKUP(D29,'(115-288)'!D:E,2,0)) -> #N/A | H29: =IF(D29="(연결)","",VLOOKUP(D29,'44-144'!D:E,2,0)) -> 72 | I29: =IF(D29="(연결)","",VLOOKUP(D29,'44-144-1'!D:E,2,0)) -> #N/A | J29: =IF(D29="(연결)","",VLOOKUP(D29,'44-288'!D:E,2,0)) -> #N/A | K29: =IF(D29="(연결)","",VLOOKUP(D29,'44-288-1'!D:E,2,0)) -> #N/A | L29: =IF(D29="(연결)","",VLOOKUP(D29,'(44-288)'!D:E,2,0)) -> 12 | M29: =IF(D29="(연결)","",VLOOKUP(D29,'46-288'!D:E,2,0)) -> #N/A | N29: =IF(D29="(연결)","",VLOOKUP(D29,'46-288-1'!D:E,2,0)) -> #N/A | O29: =IF(D29="(연결)","",VLOOKUP(D29,'46-288-2'!D:E,2,0)) -> #N/A | P29: =IF(D29="(연결)","",VLOOKUP(D29,'(46-288)'!D:E,2,0)) -> #N/A | Q29: =IF(D29="(연결)","",VLOOKUP(D29,'72-72'!D:E,2,0)) -> #N/A | R29: =IF(D29="(연결)","",VLOOKUP(D29,'72-144'!D:E,2,0)) -> #N/A | S29: =IF(D29="(연결)","",VLOOKUP(D29,'73-12'!D:E,2,0)) -> #N/A | T29: =IF(D29="(연결)","",VLOOKUP(D29,'104-12'!D:E,2,0)) -> #N/A | U29: =IF(D29="(연결)","",VLOOKUP(D29,'105-36'!D:E,2,0)) -> #N/A | V29: =IF(D29="(연결)","",VLOOKUP(D29,'105-72'!D:E,2,0)) -> #N/A | W29: =IF(D29="(연결)","",VLOOKUP(D29,'130-72'!D:E,2,0)) -> #N/A | X29: =IF(D29="(연결)","",VLOOKUP(D29,'150-36-2'!D:E,2,0)) -> #N/A | Y29: =IF(D29="(연결)","",VLOOKUP(D29,'166-144'!D:E,2,0)) -> #N/A | Z29: =IF(D29="(연결)","",VLOOKUP(D29,'187-144-2'!D:E,2,0)) -> #N/A | AA29: =IF(D29="(연결)","",VLOOKUP(D29,'201-36'!D:E,2,0)) -> #N/A | AB29: =IF(D29="(연결)","",VLOOKUP(D29,'201-72'!D:E,2,0)) -> #N/A | AC29: =IF(D29="(연결)","",VLOOKUP(D29,'201-72-2'!D:E,2,0)) -> #N/A | AD29: =IF(D29="(연결)","",VLOOKUP(D29,'134-36'!D:E,2,0)) -> #N/A | AE29: 인천간석사옥/인천종합국사(1층)~500104297707/500252399656_인천발달장애인훈련센터 [[PTN][95INIHCA51 S.1-P2 ~ 95KEADBD_INC S.1-P1] [500252399656_인천발달장애인훈련센터]] | AF29: N | AI29: 기타 | AR29: 인천간석사옥/인천종합국사(1층) | AS29: UTRANS-7320 | AT29: 95INIHCA51 | AU29: 95INIHCA51 | AV29: P2 | AW29: 500104297707/500252399656_인천발달장애인훈련센터 | AX29: UTRANS-7400C2 | AY29: 95KEADBD_INC | AZ29: 95KEADBD_INC | BA29: P1
A30: 2 | B30: 21 | D30: (연결) | E30: 21 | F30: =IF(D30="(연결)","",VLOOKUP(D30,'115-144'!D:E,2,0)) | G30: =IF(D30="(연결)","",VLOOKUP(D30,'(115-288)'!D:E,2,0)) | H30: =IF(D30="(연결)","",VLOOKUP(D30,'44-144'!D:E,2,0)) | I30: =IF(D30="(연결)","",VLOOKUP(D30,'44-144-1'!D:E,2,0)) | J30: =IF(D30="(연결)","",VLOOKUP(D30,'44-288'!D:E,2,0)) | K30: =IF(D30="(연결)","",VLOOKUP(D30,'44-288-1'!D:E,2,0)) | L30: =IF(D30="(연결)","",VLOOKUP(D30,'(44-288)'!D:E,2,0)) | M30: =IF(D30="(연결)","",VLOOKUP(D30,'46-288'!D:E,2,0)) | O30: =IF(D30="(연결)","",VLOOKUP(D30,'46-288-2'!D:E,2,0)) | P30: =IF(D30="(연결)","",VLOOKUP(D30,'(46-288)'!D:E,2,0)) | Q30: =IF(D30="(연결)","",VLOOKUP(D30,'72-72'!D:E,2,0)) | R30: =IF(D30="(연결)","",VLOOKUP(D30,'72-144'!D:E,2,0)) | S30: =IF(D30="(연결)","",VLOOKUP(D30,'73-12'!D:E,2,0)) | T30: =IF(D30="(연결)","",VLOOKUP(D30,'104-12'!D:E,2,0)) | U30: =IF(D30="(연결)","",VLOOKUP(D30,'105-36'!D:E,2,0)) | V30: =IF(D30="(연결)","",VLOOKUP(D30,'105-72'!D:E,2,0)) | W30: =IF(D30="(연결)","",VLOOKUP(D30,'130-72'!D:E,2,0)) | X30: =IF(D30="(연결)","",VLOOKUP(D30,'150-36-2'!D:E,2,0)) | Y30: =IF(D30="(연결)","",VLOOKUP(D30,'166-144'!D:E,2,0)) | Z30: =IF(D30="(연결)","",VLOOKUP(D30,'187-144-2'!D:E,2,0)) | AA30: =IF(D30="(연결)","",VLOOKUP(D30,'201-36'!D:E,2,0)) | AC30: =IF(D30="(연결)","",VLOOKUP(D30,'201-72-2'!D:E,2,0)) | AD30: =IF(D30="(연결)","",VLOOKUP(D30,'134-36'!D:E,2,0)) | AE30: ~ | AF30: N
A31: 2 | B31: 22 | D31: (연결) | E31: 22 | F31: =IF(D31="(연결)","",VLOOKUP(D31,'115-144'!D:E,2,0)) | G31: =IF(D31="(연결)","",VLOOKUP(D31,'(115-288)'!D:E,2,0)) | H31: =IF(D31="(연결)","",VLOOKUP(D31,'44-144'!D:E,2,0)) | I31: =IF(D31="(연결)","",VLOOKUP(D31,'44-144-1'!D:E,2,0)) | J31: =IF(D31="(연결)","",VLOOKUP(D31,'44-288'!D:E,2,0)) | K31: =IF(D31="(연결)","",VLOOKUP(D31,'44-288-1'!D:E,2,0)) | L31: =IF(D31="(연결)","",VLOOKUP(D31,'(44-288)'!D:E,2,0)) | M31: =IF(D31="(연결)","",VLOOKUP(D31,'46-288'!D:E,2,0)) | O31: =IF(D31="(연결)","",VLOOKUP(D31,'46-288-2'!D:E,2,0)) | P31: =IF(D31="(연결)","",VLOOKUP(D31,'(46-288)'!D:E,2,0)) | Q31: =IF(D31="(연결)","",VLOOKUP(D31,'72-72'!D:E,2,0)) | R31: =IF(D31="(연결)","",VLOOKUP(D31,'72-144'!D:E,2,0)) | S31: =IF(D31="(연결)","",VLOOKUP(D31,'73-12'!D:E,2,0)) | T31: =IF(D31="(연결)","",VLOOKUP(D31,'104-12'!D:E,2,0)) | U31: =IF(D31="(연결)","",VLOOKUP(D31,'105-36'!D:E,2,0)) | V31: =IF(D31="(연결)","",VLOOKUP(D31,'105-72'!D:E,2,0)) | W31: =IF(D31="(연결)","",VLOOKUP(D31,'130-72'!D:E,2,0)) | X31: =IF(D31="(연결)","",VLOOKUP(D31,'150-36-2'!D:E,2,0)) | Y31: =IF(D31="(연결)","",VLOOKUP(D31,'166-144'!D:E,2,0)) | Z31: =IF(D31="(연결)","",VLOOKUP(D31,'187-144-2'!D:E,2,0)) | AA31: =IF(D31="(연결)","",VLOOKUP(D31,'201-36'!D:E,2,0)) | AC31: =IF(D31="(연결)","",VLOOKUP(D31,'201-72-2'!D:E,2,0)) | AD31: =IF(D31="(연결)","",VLOOKUP(D31,'134-36'!D:E,2,0)) | AE31: ~ | AF31: N
A32: 2 | B32: 23 | D32: (연결) | E32: 23 | F32: =IF(D32="(연결)","",VLOOKUP(D32,'115-144'!D:E,2,0)) | G32: =IF(D32="(연결)","",VLOOKUP(D32,'(115-288)'!D:E,2,0)) | H32: =IF(D32="(연결)","",VLOOKUP(D32,'44-144'!D:E,2,0)) | I32: =IF(D32="(연결)","",VLOOKUP(D32,'44-144-1'!D:E,2,0)) | J32: =IF(D32="(연결)","",VLOOKUP(D32,'44-288'!D:E,2,0)) | K32: =IF(D32="(연결)","",VLOOKUP(D32,'44-288-1'!D:E,2,0)) | L32: =IF(D32="(연결)","",VLOOKUP(D32,'(44-288)'!D:E,2,0)) | M32: =IF(D32="(연결)","",VLOOKUP(D32,'46-288'!D:E,2,0)) | O32: =IF(D32="(연결)","",VLOOKUP(D32,'46-288-2'!D:E,2,0)) | P32: =IF(D32="(연결)","",VLOOKUP(D32,'(46-288)'!D:E,2,0)) | Q32: =IF(D32="(연결)","",VLOOKUP(D32,'72-72'!D:E,2,0)) | R32: =IF(D32="(연결)","",VLOOKUP(D32,'72-144'!D:E,2,0)) | S32: =IF(D32="(연결)","",VLOOKUP(D32,'73-12'!D:E,2,0)) | T32: =IF(D32="(연결)","",VLOOKUP(D32,'104-12'!D:E,2,0)) | U32: =IF(D32="(연결)","",VLOOKUP(D32,'105-36'!D:E,2,0)) | V32: =IF(D32="(연결)","",VLOOKUP(D32,'105-72'!D:E,2,0)) | W32: =IF(D32="(연결)","",VLOOKUP(D32,'130-72'!D:E,2,0)) | X32: =IF(D32="(연결)","",VLOOKUP(D32,'150-36-2'!D:E,2,0)) | Y32: =IF(D32="(연결)","",VLOOKUP(D32,'166-144'!D:E,2,0)) | Z32: =IF(D32="(연결)","",VLOOKUP(D32,'187-144-2'!D:E,2,0)) | AA32: =IF(D32="(연결)","",VLOOKUP(D32,'201-36'!D:E,2,0)) | AC32: =IF(D32="(연결)","",VLOOKUP(D32,'201-72-2'!D:E,2,0)) | AD32: =IF(D32="(연결)","",VLOOKUP(D32,'134-36'!D:E,2,0)) | AE32: ~ | AF32: N
A33: 2 | B33: 24 | D33: (연결) | E33: 24 | F33: =IF(D33="(연결)","",VLOOKUP(D33,'115-144'!D:E,2,0)) | G33: =IF(D33="(연결)","",VLOOKUP(D33,'(115-288)'!D:E,2,0)) | H33: =IF(D33="(연결)","",VLOOKUP(D33,'44-144'!D:E,2,0)) | I33: =IF(D33="(연결)","",VLOOKUP(D33,'44-144-1'!D:E,2,0)) | J33: =IF(D33="(연결)","",VLOOKUP(D33,'44-288'!D:E,2,0)) | K33: =IF(D33="(연결)","",VLOOKUP(D33,'44-288-1'!D:E,2,0)) | L33: =IF(D33="(연결)","",VLOOKUP(D33,'(44-288)'!D:E,2,0)) | M33: =IF(D33="(연결)","",VLOOKUP(D33,'46-288'!D:E,2,0)) | O33: =IF(D33="(연결)","",VLOOKUP(D33,'46-288-2'!D:E,2,0)) | P33: =IF(D33="(연결)","",VLOOKUP(D33,'(46-288)'!D:E,2,0)) | Q33: =IF(D33="(연결)","",VLOOKUP(D33,'72-72'!D:E,2,0)) | R33: =IF(D33="(연결)","",VLOOKUP(D33,'72-144'!D:E,2,0)) | S33: =IF(D33="(연결)","",VLOOKUP(D33,'73-12'!D:E,2,0)) | T33: =IF(D33="(연결)","",VLOOKUP(D33,'104-12'!D:E,2,0)) | U33: =IF(D33="(연결)","",VLOOKUP(D33,'105-36'!D:E,2,0)) | V33: =IF(D33="(연결)","",VLOOKUP(D33,'105-72'!D:E,2,0)) | W33: =IF(D33="(연결)","",VLOOKUP(D33,'130-72'!D:E,2,0)) | X33: =IF(D33="(연결)","",VLOOKUP(D33,'150-36-2'!D:E,2,0)) | Y33: =IF(D33="(연결)","",VLOOKUP(D33,'166-144'!D:E,2,0)) | Z33: =IF(D33="(연결)","",VLOOKUP(D33,'187-144-2'!D:E,2,0)) | AA33: =IF(D33="(연결)","",VLOOKUP(D33,'201-36'!D:E,2,0)) | AC33: =IF(D33="(연결)","",VLOOKUP(D33,'201-72-2'!D:E,2,0)) | AD33: =IF(D33="(연결)","",VLOOKUP(D33,'134-36'!D:E,2,0)) | AE33: ~ | AF33: N
A34: Unit#3 | F34: =IF(D34="(연결)","",VLOOKUP(D34,'115-144'!D:E,2,0)) | G34: =IF(D34="(연결)","",VLOOKUP(D34,'(115-288)'!D:E,2,0)) | H34: =IF(D34="(연결)","",VLOOKUP(D34,'44-144'!D:E,2,0)) | I34: =IF(D34="(연결)","",VLOOKUP(D34,'44-144-1'!D:E,2,0)) | J34: =IF(D34="(연결)","",VLOOKUP(D34,'44-288'!D:E,2,0)) | K34: =IF(D34="(연결)","",VLOOKUP(D34,'44-288-1'!D:E,2,0)) | L34: =IF(D34="(연결)","",VLOOKUP(D34,'(44-288)'!D:E,2,0)) | M34: =IF(D34="(연결)","",VLOOKUP(D34,'46-288'!D:E,2,0)) | O34: =IF(D34="(연결)","",VLOOKUP(D34,'46-288-2'!D:E,2,0)) | P34: =IF(D34="(연결)","",VLOOKUP(D34,'(46-288)'!D:E,2,0)) | Q34: =IF(D34="(연결)","",VLOOKUP(D34,'72-72'!D:E,2,0)) | R34: =IF(D34="(연결)","",VLOOKUP(D34,'72-144'!D:E,2,0)) | S34: =IF(D34="(연결)","",VLOOKUP(D34,'73-12'!D:E,2,0)) | T34: =IF(D34="(연결)","",VLOOKUP(D34,'104-12'!D:E,2,0)) | U34: =IF(D34="(연결)","",VLOOKUP(D34,'105-36'!D:E,2,0)) | V34: =IF(D34="(연결)","",VLOOKUP(D34,'105-72'!D:E,2,0)) | W34: =IF(D34="(연결)","",VLOOKUP(D34,'130-72'!D:E,2,0)) | X34: =IF(D34="(연결)","",VLOOKUP(D34,'150-36-2'!D:E,2,0)) | Y34: =IF(D34="(연결)","",VLOOKUP(D34,'166-144'!D:E,2,0)) | Z34: =IF(D34="(연결)","",VLOOKUP(D34,'187-144-2'!D:E,2,0)) | AA34: =IF(D34="(연결)","",VLOOKUP(D34,'201-36'!D:E,2,0)) | AC34: =IF(D34="(연결)","",VLOOKUP(D34,'201-72-2'!D:E,2,0)) | AD34: =IF(D34="(연결)","",VLOOKUP(D34,'134-36'!D:E,2,0))
A35: 3 | B35: 25 | D35: (연결) | E35: 25 | F35: =IF(D35="(연결)","",VLOOKUP(D35,'115-144'!D:E,2,0)) | G35: =IF(D35="(연결)","",VLOOKUP(D35,'(115-288)'!D:E,2,0)) | H35: =IF(D35="(연결)","",VLOOKUP(D35,'44-144'!D:E,2,0)) | I35: =IF(D35="(연결)","",VLOOKUP(D35,'44-144-1'!D:E,2,0)) | J35: =IF(D35="(연결)","",VLOOKUP(D35,'44-288'!D:E,2,0)) | K35: =IF(D35="(연결)","",VLOOKUP(D35,'44-288-1'!D:E,2,0)) | L35: =IF(D35="(연결)","",VLOOKUP(D35,'(44-288)'!D:E,2,0)) | M35: =IF(D35="(연결)","",VLOOKUP(D35,'46-288'!D:E,2,0)) | O35: =IF(D35="(연결)","",VLOOKUP(D35,'46-288-2'!D:E,2,0)) | P35: =IF(D35="(연결)","",VLOOKUP(D35,'(46-288)'!D:E,2,0)) | Q35: =IF(D35="(연결)","",VLOOKUP(D35,'72-72'!D:E,2,0)) | R35: =IF(D35="(연결)","",VLOOKUP(D35,'72-144'!D:E,2,0)) | S35: =IF(D35="(연결)","",VLOOKUP(D35,'73-12'!D:E,2,0)) | T35: =IF(D35="(연결)","",VLOOKUP(D35,'104-12'!D:E,2,0)) | U35: =IF(D35="(연결)","",VLOOKUP(D35,'105-36'!D:E,2,0)) | V35: =IF(D35="(연결)","",VLOOKUP(D35,'105-72'!D:E,2,0)) | W35: =IF(D35="(연결)","",VLOOKUP(D35,'130-72'!D:E,2,0)) | X35: =IF(D35="(연결)","",VLOOKUP(D35,'150-36-2'!D:E,2,0)) | Y35: =IF(D35="(연결)","",VLOOKUP(D35,'166-144'!D:E,2,0)) | Z35: =IF(D35="(연결)","",VLOOKUP(D35,'187-144-2'!D:E,2,0)) | AA35: =IF(D35="(연결)","",VLOOKUP(D35,'201-36'!D:E,2,0)) | AC35: =IF(D35="(연결)","",VLOOKUP(D35,'201-72-2'!D:E,2,0)) | AD35: =IF(D35="(연결)","",VLOOKUP(D35,'134-36'!D:E,2,0)) | AE35: 8820C421[8820C415 사각H]~인천간석사옥/인천종합국사(1층) | AF35: N
A36: 3 | B36: 26 | D36: (연결) | E36: 26 | F36: =IF(D36="(연결)","",VLOOKUP(D36,'115-144'!D:E,2,0)) | G36: =IF(D36="(연결)","",VLOOKUP(D36,'(115-288)'!D:E,2,0)) | H36: =IF(D36="(연결)","",VLOOKUP(D36,'44-144'!D:E,2,0)) | I36: =IF(D36="(연결)","",VLOOKUP(D36,'44-144-1'!D:E,2,0)) | J36: =IF(D36="(연결)","",VLOOKUP(D36,'44-288'!D:E,2,0)) | K36: =IF(D36="(연결)","",VLOOKUP(D36,'44-288-1'!D:E,2,0)) | L36: =IF(D36="(연결)","",VLOOKUP(D36,'(44-288)'!D:E,2,0)) | M36: =IF(D36="(연결)","",VLOOKUP(D36,'46-288'!D:E,2,0)) | O36: =IF(D36="(연결)","",VLOOKUP(D36,'46-288-2'!D:E,2,0)) | P36: =IF(D36="(연결)","",VLOOKUP(D36,'(46-288)'!D:E,2,0)) | Q36: =IF(D36="(연결)","",VLOOKUP(D36,'72-72'!D:E,2,0)) | R36: =IF(D36="(연결)","",VLOOKUP(D36,'72-144'!D:E,2,0)) | S36: =IF(D36="(연결)","",VLOOKUP(D36,'73-12'!D:E,2,0)) | T36: =IF(D36="(연결)","",VLOOKUP(D36,'104-12'!D:E,2,0)) | U36: =IF(D36="(연결)","",VLOOKUP(D36,'105-36'!D:E,2,0)) | V36: =IF(D36="(연결)","",VLOOKUP(D36,'105-72'!D:E,2,0)) | W36: =IF(D36="(연결)","",VLOOKUP(D36,'130-72'!D:E,2,0)) | X36: =IF(D36="(연결)","",VLOOKUP(D36,'150-36-2'!D:E,2,0)) | Y36: =IF(D36="(연결)","",VLOOKUP(D36,'166-144'!D:E,2,0)) | Z36: =IF(D36="(연결)","",VLOOKUP(D36,'187-144-2'!D:E,2,0)) | AA36: =IF(D36="(연결)","",VLOOKUP(D36,'201-36'!D:E,2,0)) | AC36: =IF(D36="(연결)","",VLOOKUP(D36,'201-72-2'!D:E,2,0)) | AD36: =IF(D36="(연결)","",VLOOKUP(D36,'134-36'!D:E,2,0)) | AE36: 인천간석사옥/인천종합국사(1층)~8820P291[8720P291] | AF36: N
A37: 3 | B37: 27 | D37: (연결) | E37: 27 | F37: =IF(D37="(연결)","",VLOOKUP(D37,'115-144'!D:E,2,0)) | G37: =IF(D37="(연결)","",VLOOKUP(D37,'(115-288)'!D:E,2,0)) | H37: =IF(D37="(연결)","",VLOOKUP(D37,'44-144'!D:E,2,0)) | I37: =IF(D37="(연결)","",VLOOKUP(D37,'44-144-1'!D:E,2,0)) | J37: =IF(D37="(연결)","",VLOOKUP(D37,'44-288'!D:E,2,0)) | K37: =IF(D37="(연결)","",VLOOKUP(D37,'44-288-1'!D:E,2,0)) | L37: =IF(D37="(연결)","",VLOOKUP(D37,'(44-288)'!D:E,2,0)) | M37: =IF(D37="(연결)","",VLOOKUP(D37,'46-288'!D:E,2,0)) | O37: =IF(D37="(연결)","",VLOOKUP(D37,'46-288-2'!D:E,2,0)) | P37: =IF(D37="(연결)","",VLOOKUP(D37,'(46-288)'!D:E,2,0)) | Q37: =IF(D37="(연결)","",VLOOKUP(D37,'72-72'!D:E,2,0)) | R37: =IF(D37="(연결)","",VLOOKUP(D37,'72-144'!D:E,2,0)) | S37: =IF(D37="(연결)","",VLOOKUP(D37,'73-12'!D:E,2,0)) | T37: =IF(D37="(연결)","",VLOOKUP(D37,'104-12'!D:E,2,0)) | U37: =IF(D37="(연결)","",VLOOKUP(D37,'105-36'!D:E,2,0)) | V37: =IF(D37="(연결)","",VLOOKUP(D37,'105-72'!D:E,2,0)) | W37: =IF(D37="(연결)","",VLOOKUP(D37,'130-72'!D:E,2,0)) | X37: =IF(D37="(연결)","",VLOOKUP(D37,'150-36-2'!D:E,2,0)) | Y37: =IF(D37="(연결)","",VLOOKUP(D37,'166-144'!D:E,2,0)) | Z37: =IF(D37="(연결)","",VLOOKUP(D37,'187-144-2'!D:E,2,0)) | AA37: =IF(D37="(연결)","",VLOOKUP(D37,'201-36'!D:E,2,0)) | AC37: =IF(D37="(연결)","",VLOOKUP(D37,'201-72-2'!D:E,2,0)) | AD37: =IF(D37="(연결)","",VLOOKUP(D37,'134-36'!D:E,2,0)) | AE37: 인천간석사옥/인천종합국사(1층)~8820P291[8720P291] | AF37: N
A38: 3 | B38: 28 | D38: (연결) | E38: 28 | F38: =IF(D38="(연결)","",VLOOKUP(D38,'115-144'!D:E,2,0)) | G38: =IF(D38="(연결)","",VLOOKUP(D38,'(115-288)'!D:E,2,0)) | H38: =IF(D38="(연결)","",VLOOKUP(D38,'44-144'!D:E,2,0)) | I38: =IF(D38="(연결)","",VLOOKUP(D38,'44-144-1'!D:E,2,0)) | J38: =IF(D38="(연결)","",VLOOKUP(D38,'44-288'!D:E,2,0)) | K38: =IF(D38="(연결)","",VLOOKUP(D38,'44-288-1'!D:E,2,0)) | L38: =IF(D38="(연결)","",VLOOKUP(D38,'(44-288)'!D:E,2,0)) | M38: =IF(D38="(연결)","",VLOOKUP(D38,'46-288'!D:E,2,0)) | O38: =IF(D38="(연결)","",VLOOKUP(D38,'46-288-2'!D:E,2,0)) | P38: =IF(D38="(연결)","",VLOOKUP(D38,'(46-288)'!D:E,2,0)) | Q38: =IF(D38="(연결)","",VLOOKUP(D38,'72-72'!D:E,2,0)) | R38: =IF(D38="(연결)","",VLOOKUP(D38,'72-144'!D:E,2,0)) | S38: =IF(D38="(연결)","",VLOOKUP(D38,'73-12'!D:E,2,0)) | T38: =IF(D38="(연결)","",VLOOKUP(D38,'104-12'!D:E,2,0)) | U38: =IF(D38="(연결)","",VLOOKUP(D38,'105-36'!D:E,2,0)) | V38: =IF(D38="(연결)","",VLOOKUP(D38,'105-72'!D:E,2,0)) | W38: =IF(D38="(연결)","",VLOOKUP(D38,'130-72'!D:E,2,0)) | X38: =IF(D38="(연결)","",VLOOKUP(D38,'150-36-2'!D:E,2,0)) | Y38: =IF(D38="(연결)","",VLOOKUP(D38,'166-144'!D:E,2,0)) | Z38: =IF(D38="(연결)","",VLOOKUP(D38,'187-144-2'!D:E,2,0)) | AA38: =IF(D38="(연결)","",VLOOKUP(D38,'201-36'!D:E,2,0)) | AC38: =IF(D38="(연결)","",VLOOKUP(D38,'201-72-2'!D:E,2,0)) | AD38: =IF(D38="(연결)","",VLOOKUP(D38,'134-36'!D:E,2,0)) | AE38: 인천간석사옥/인천종합국사(1층)~8820P291[8720P291] | AF38: N
A39: 3 | B39: 29 | D39: (연결) | E39: 29 | F39: =IF(D39="(연결)","",VLOOKUP(D39,'115-144'!D:E,2,0)) | G39: =IF(D39="(연결)","",VLOOKUP(D39,'(115-288)'!D:E,2,0)) | H39: =IF(D39="(연결)","",VLOOKUP(D39,'44-144'!D:E,2,0)) | I39: =IF(D39="(연결)","",VLOOKUP(D39,'44-144-1'!D:E,2,0)) | J39: =IF(D39="(연결)","",VLOOKUP(D39,'44-288'!D:E,2,0)) | K39: =IF(D39="(연결)","",VLOOKUP(D39,'44-288-1'!D:E,2,0)) | L39: =IF(D39="(연결)","",VLOOKUP(D39,'(44-288)'!D:E,2,0)) | M39: =IF(D39="(연결)","",VLOOKUP(D39,'46-288'!D:E,2,0)) | O39: =IF(D39="(연결)","",VLOOKUP(D39,'46-288-2'!D:E,2,0)) | P39: =IF(D39="(연결)","",VLOOKUP(D39,'(46-288)'!D:E,2,0)) | Q39: =IF(D39="(연결)","",VLOOKUP(D39,'72-72'!D:E,2,0)) | R39: =IF(D39="(연결)","",VLOOKUP(D39,'72-144'!D:E,2,0)) | S39: =IF(D39="(연결)","",VLOOKUP(D39,'73-12'!D:E,2,0)) | T39: =IF(D39="(연결)","",VLOOKUP(D39,'104-12'!D:E,2,0)) | U39: =IF(D39="(연결)","",VLOOKUP(D39,'105-36'!D:E,2,0)) | V39: =IF(D39="(연결)","",VLOOKUP(D39,'105-72'!D:E,2,0)) | W39: =IF(D39="(연결)","",VLOOKUP(D39,'130-72'!D:E,2,0)) | X39: =IF(D39="(연결)","",VLOOKUP(D39,'150-36-2'!D:E,2,0)) | Y39: =IF(D39="(연결)","",VLOOKUP(D39,'166-144'!D:E,2,0)) | Z39: =IF(D39="(연결)","",VLOOKUP(D39,'187-144-2'!D:E,2,0)) | AA39: =IF(D39="(연결)","",VLOOKUP(D39,'201-36'!D:E,2,0)) | AC39: =IF(D39="(연결)","",VLOOKUP(D39,'201-72-2'!D:E,2,0)) | AD39: =IF(D39="(연결)","",VLOOKUP(D39,'134-36'!D:E,2,0)) | AE39: 8820C421[8820C415 사각H]~인천간석사옥/인천종합국사(1층) | AF39: N
A40: 3 | B40: 30 | D40: (연결) | E40: 30 | F40: =IF(D40="(연결)","",VLOOKUP(D40,'115-144'!D:E,2,0)) | G40: =IF(D40="(연결)","",VLOOKUP(D40,'(115-288)'!D:E,2,0)) | H40: =IF(D40="(연결)","",VLOOKUP(D40,'44-144'!D:E,2,0)) | I40: =IF(D40="(연결)","",VLOOKUP(D40,'44-144-1'!D:E,2,0)) | J40: =IF(D40="(연결)","",VLOOKUP(D40,'44-288'!D:E,2,0)) | K40: =IF(D40="(연결)","",VLOOKUP(D40,'44-288-1'!D:E,2,0)) | L40: =IF(D40="(연결)","",VLOOKUP(D40,'(44-288)'!D:E,2,0)) | M40: =IF(D40="(연결)","",VLOOKUP(D40,'46-288'!D:E,2,0)) | O40: =IF(D40="(연결)","",VLOOKUP(D40,'46-288-2'!D:E,2,0)) | P40: =IF(D40="(연결)","",VLOOKUP(D40,'(46-288)'!D:E,2,0)) | Q40: =IF(D40="(연결)","",VLOOKUP(D40,'72-72'!D:E,2,0)) | R40: =IF(D40="(연결)","",VLOOKUP(D40,'72-144'!D:E,2,0)) | S40: =IF(D40="(연결)","",VLOOKUP(D40,'73-12'!D:E,2,0)) | T40: =IF(D40="(연결)","",VLOOKUP(D40,'104-12'!D:E,2,0)) | U40: =IF(D40="(연결)","",VLOOKUP(D40,'105-36'!D:E,2,0)) | V40: =IF(D40="(연결)","",VLOOKUP(D40,'105-72'!D:E,2,0)) | W40: =IF(D40="(연결)","",VLOOKUP(D40,'130-72'!D:E,2,0)) | X40: =IF(D40="(연결)","",VLOOKUP(D40,'150-36-2'!D:E,2,0)) | Y40: =IF(D40="(연결)","",VLOOKUP(D40,'166-144'!D:E,2,0)) | Z40: =IF(D40="(연결)","",VLOOKUP(D40,'187-144-2'!D:E,2,0)) | AA40: =IF(D40="(연결)","",VLOOKUP(D40,'201-36'!D:E,2,0)) | AC40: =IF(D40="(연결)","",VLOOKUP(D40,'201-72-2'!D:E,2,0)) | AD40: =IF(D40="(연결)","",VLOOKUP(D40,'134-36'!D:E,2,0)) | AE40: 8820C421[8820C415 사각H]~인천간석사옥/인천종합국사(1층) | AF40: N
A41: 3 | B41: 31 | D41: (연결) | E41: 31 | F41: =IF(D41="(연결)","",VLOOKUP(D41,'115-144'!D:E,2,0)) | G41: =IF(D41="(연결)","",VLOOKUP(D41,'(115-288)'!D:E,2,0)) | H41: =IF(D41="(연결)","",VLOOKUP(D41,'44-144'!D:E,2,0)) | I41: =IF(D41="(연결)","",VLOOKUP(D41,'44-144-1'!D:E,2,0)) | J41: =IF(D41="(연결)","",VLOOKUP(D41,'44-288'!D:E,2,0)) | K41: =IF(D41="(연결)","",VLOOKUP(D41,'44-288-1'!D:E,2,0)) | L41: =IF(D41="(연결)","",VLOOKUP(D41,'(44-288)'!D:E,2,0)) | M41: =IF(D41="(연결)","",VLOOKUP(D41,'46-288'!D:E,2,0)) | O41: =IF(D41="(연결)","",VLOOKUP(D41,'46-288-2'!D:E,2,0)) | P41: =IF(D41="(연결)","",VLOOKUP(D41,'(46-288)'!D:E,2,0)) | Q41: =IF(D41="(연결)","",VLOOKUP(D41,'72-72'!D:E,2,0)) | R41: =IF(D41="(연결)","",VLOOKUP(D41,'72-144'!D:E,2,0)) | S41: =IF(D41="(연결)","",VLOOKUP(D41,'73-12'!D:E,2,0)) | T41: =IF(D41="(연결)","",VLOOKUP(D41,'104-12'!D:E,2,0)) | U41: =IF(D41="(연결)","",VLOOKUP(D41,'105-36'!D:E,2,0)) | V41: =IF(D41="(연결)","",VLOOKUP(D41,'105-72'!D:E,2,0)) | W41: =IF(D41="(연결)","",VLOOKUP(D41,'130-72'!D:E,2,0)) | X41: =IF(D41="(연결)","",VLOOKUP(D41,'150-36-2'!D:E,2,0)) | Y41: =IF(D41="(연결)","",VLOOKUP(D41,'166-144'!D:E,2,0)) | Z41: =IF(D41="(연결)","",VLOOKUP(D41,'187-144-2'!D:E,2,0)) | AA41: =IF(D41="(연결)","",VLOOKUP(D41,'201-36'!D:E,2,0)) | AC41: =IF(D41="(연결)","",VLOOKUP(D41,'201-72-2'!D:E,2,0)) | AD41: =IF(D41="(연결)","",VLOOKUP(D41,'134-36'!D:E,2,0)) | AE41: 인천간석사옥/인천종합국사(1층)~8820P291[8720P291] | AF41: N
A42: 3 | B42: 32 | D42: (연결) | E42: 32 | F42: =IF(D42="(연결)","",VLOOKUP(D42,'115-144'!D:E,2,0)) | G42: =IF(D42="(연결)","",VLOOKUP(D42,'(115-288)'!D:E,2,0)) | H42: =IF(D42="(연결)","",VLOOKUP(D42,'44-144'!D:E,2,0)) | I42: =IF(D42="(연결)","",VLOOKUP(D42,'44-144-1'!D:E,2,0)) | J42: =IF(D42="(연결)","",VLOOKUP(D42,'44-288'!D:E,2,0)) | K42: =IF(D42="(연결)","",VLOOKUP(D42,'44-288-1'!D:E,2,0)) | L42: =IF(D42="(연결)","",VLOOKUP(D42,'(44-288)'!D:E,2,0)) | M42: =IF(D42="(연결)","",VLOOKUP(D42,'46-288'!D:E,2,0)) | O42: =IF(D42="(연결)","",VLOOKUP(D42,'46-288-2'!D:E,2,0)) | P42: =IF(D42="(연결)","",VLOOKUP(D42,'(46-288)'!D:E,2,0)) | Q42: =IF(D42="(연결)","",VLOOKUP(D42,'72-72'!D:E,2,0)) | R42: =IF(D42="(연결)","",VLOOKUP(D42,'72-144'!D:E,2,0)) | S42: =IF(D42="(연결)","",VLOOKUP(D42,'73-12'!D:E,2,0)) | T42: =IF(D42="(연결)","",VLOOKUP(D42,'104-12'!D:E,2,0)) | U42: =IF(D42="(연결)","",VLOOKUP(D42,'105-36'!D:E,2,0)) | V42: =IF(D42="(연결)","",VLOOKUP(D42,'105-72'!D:E,2,0)) | W42: =IF(D42="(연결)","",VLOOKUP(D42,'130-72'!D:E,2,0)) | X42: =IF(D42="(연결)","",VLOOKUP(D42,'150-36-2'!D:E,2,0)) | Y42: =IF(D42="(연결)","",VLOOKUP(D42,'166-144'!D:E,2,0)) | Z42: =IF(D42="(연결)","",VLOOKUP(D42,'187-144-2'!D:E,2,0)) | AA42: =IF(D42="(연결)","",VLOOKUP(D42,'201-36'!D:E,2,0)) | AC42: =IF(D42="(연결)","",VLOOKUP(D42,'201-72-2'!D:E,2,0)) | AD42: =IF(D42="(연결)","",VLOOKUP(D42,'134-36'!D:E,2,0)) | AE42: 인천간석사옥/인천종합국사(1층)~8820P291[8720P291] | AF42: N
A43: 3 | B43: 33 | D43: (연결) | E43: 33 | F43: =IF(D43="(연결)","",VLOOKUP(D43,'115-144'!D:E,2,0)) | G43: =IF(D43="(연결)","",VLOOKUP(D43,'(115-288)'!D:E,2,0)) | H43: =IF(D43="(연결)","",VLOOKUP(D43,'44-144'!D:E,2,0)) | I43: =IF(D43="(연결)","",VLOOKUP(D43,'44-144-1'!D:E,2,0)) | J43: =IF(D43="(연결)","",VLOOKUP(D43,'44-288'!D:E,2,0)) | K43: =IF(D43="(연결)","",VLOOKUP(D43,'44-288-1'!D:E,2,0)) | L43: =IF(D43="(연결)","",VLOOKUP(D43,'(44-288)'!D:E,2,0)) | M43: =IF(D43="(연결)","",VLOOKUP(D43,'46-288'!D:E,2,0)) | O43: =IF(D43="(연결)","",VLOOKUP(D43,'46-288-2'!D:E,2,0)) | P43: =IF(D43="(연결)","",VLOOKUP(D43,'(46-288)'!D:E,2,0)) | Q43: =IF(D43="(연결)","",VLOOKUP(D43,'72-72'!D:E,2,0)) | R43: =IF(D43="(연결)","",VLOOKUP(D43,'72-144'!D:E,2,0)) | S43: =IF(D43="(연결)","",VLOOKUP(D43,'73-12'!D:E,2,0)) | T43: =IF(D43="(연결)","",VLOOKUP(D43,'104-12'!D:E,2,0)) | U43: =IF(D43="(연결)","",VLOOKUP(D43,'105-36'!D:E,2,0)) | V43: =IF(D43="(연결)","",VLOOKUP(D43,'105-72'!D:E,2,0)) | W43: =IF(D43="(연결)","",VLOOKUP(D43,'130-72'!D:E,2,0)) | X43: =IF(D43="(연결)","",VLOOKUP(D43,'150-36-2'!D:E,2,0)) | Y43: =IF(D43="(연결)","",VLOOKUP(D43,'166-144'!D:E,2,0)) | Z43: =IF(D43="(연결)","",VLOOKUP(D43,'187-144-2'!D:E,2,0)) | AA43: =IF(D43="(연결)","",VLOOKUP(D43,'201-36'!D:E,2,0)) | AC43: =IF(D43="(연결)","",VLOOKUP(D43,'201-72-2'!D:E,2,0)) | AD43: =IF(D43="(연결)","",VLOOKUP(D43,'134-36'!D:E,2,0)) | AE43: ~ | AF43: N
A44: 3 | B44: 34 | D44: (연결) | E44: 34 | F44: =IF(D44="(연결)","",VLOOKUP(D44,'115-144'!D:E,2,0)) | G44: =IF(D44="(연결)","",VLOOKUP(D44,'(115-288)'!D:E,2,0)) | H44: =IF(D44="(연결)","",VLOOKUP(D44,'44-144'!D:E,2,0)) | I44: =IF(D44="(연결)","",VLOOKUP(D44,'44-144-1'!D:E,2,0)) | J44: =IF(D44="(연결)","",VLOOKUP(D44,'44-288'!D:E,2,0)) | K44: =IF(D44="(연결)","",VLOOKUP(D44,'44-288-1'!D:E,2,0)) | L44: =IF(D44="(연결)","",VLOOKUP(D44,'(44-288)'!D:E,2,0)) | M44: =IF(D44="(연결)","",VLOOKUP(D44,'46-288'!D:E,2,0)) | O44: =IF(D44="(연결)","",VLOOKUP(D44,'46-288-2'!D:E,2,0)) | P44: =IF(D44="(연결)","",VLOOKUP(D44,'(46-288)'!D:E,2,0)) | Q44: =IF(D44="(연결)","",VLOOKUP(D44,'72-72'!D:E,2,0)) | R44: =IF(D44="(연결)","",VLOOKUP(D44,'72-144'!D:E,2,0)) | S44: =IF(D44="(연결)","",VLOOKUP(D44,'73-12'!D:E,2,0)) | T44: =IF(D44="(연결)","",VLOOKUP(D44,'104-12'!D:E,2,0)) | U44: =IF(D44="(연결)","",VLOOKUP(D44,'105-36'!D:E,2,0)) | V44: =IF(D44="(연결)","",VLOOKUP(D44,'105-72'!D:E,2,0)) | W44: =IF(D44="(연결)","",VLOOKUP(D44,'130-72'!D:E,2,0)) | X44: =IF(D44="(연결)","",VLOOKUP(D44,'150-36-2'!D:E,2,0)) | Y44: =IF(D44="(연결)","",VLOOKUP(D44,'166-144'!D:E,2,0)) | Z44: =IF(D44="(연결)","",VLOOKUP(D44,'187-144-2'!D:E,2,0)) | AA44: =IF(D44="(연결)","",VLOOKUP(D44,'201-36'!D:E,2,0)) | AC44: =IF(D44="(연결)","",VLOOKUP(D44,'201-72-2'!D:E,2,0)) | AD44: =IF(D44="(연결)","",VLOOKUP(D44,'134-36'!D:E,2,0)) | AE44: ~ | AF44: N
A45: 3 | B45: 35 | D45: (연결) | E45: 35 | F45: =IF(D45="(연결)","",VLOOKUP(D45,'115-144'!D:E,2,0)) | G45: =IF(D45="(연결)","",VLOOKUP(D45,'(115-288)'!D:E,2,0)) | H45: =IF(D45="(연결)","",VLOOKUP(D45,'44-144'!D:E,2,0)) | I45: =IF(D45="(연결)","",VLOOKUP(D45,'44-144-1'!D:E,2,0)) | J45: =IF(D45="(연결)","",VLOOKUP(D45,'44-288'!D:E,2,0)) | K45: =IF(D45="(연결)","",VLOOKUP(D45,'44-288-1'!D:E,2,0)) | L45: =IF(D45="(연결)","",VLOOKUP(D45,'(44-288)'!D:E,2,0)) | M45: =IF(D45="(연결)","",VLOOKUP(D45,'46-288'!D:E,2,0)) | O45: =IF(D45="(연결)","",VLOOKUP(D45,'46-288-2'!D:E,2,0)) | P45: =IF(D45="(연결)","",VLOOKUP(D45,'(46-288)'!D:E,2,0)) | Q45: =IF(D45="(연결)","",VLOOKUP(D45,'72-72'!D:E,2,0)) | R45: =IF(D45="(연결)","",VLOOKUP(D45,'72-144'!D:E,2,0)) | S45: =IF(D45="(연결)","",VLOOKUP(D45,'73-12'!D:E,2,0)) | T45: =IF(D45="(연결)","",VLOOKUP(D45,'104-12'!D:E,2,0)) | U45: =IF(D45="(연결)","",VLOOKUP(D45,'105-36'!D:E,2,0)) | V45: =IF(D45="(연결)","",VLOOKUP(D45,'105-72'!D:E,2,0)) | W45: =IF(D45="(연결)","",VLOOKUP(D45,'130-72'!D:E,2,0)) | X45: =IF(D45="(연결)","",VLOOKUP(D45,'150-36-2'!D:E,2,0)) | Y45: =IF(D45="(연결)","",VLOOKUP(D45,'166-144'!D:E,2,0)) | Z45: =IF(D45="(연결)","",VLOOKUP(D45,'187-144-2'!D:E,2,0)) | AA45: =IF(D45="(연결)","",VLOOKUP(D45,'201-36'!D:E,2,0)) | AC45: =IF(D45="(연결)","",VLOOKUP(D45,'201-72-2'!D:E,2,0)) | AD45: =IF(D45="(연결)","",VLOOKUP(D45,'134-36'!D:E,2,0)) | AE45: 8820C415[자가맨홀]~인천간석국사(2층) [INIH] / 인천종합 | AF45: N
A46: 3 | B46: 36 | C46: 운영중(OK) | D46: 3060041354 | E46: 36 | F46: =IF(D46="(연결)","",VLOOKUP(D46,'115-144'!D:E,2,0)) -> 36 | G46: =IF(D46="(연결)","",VLOOKUP(D46,'(115-288)'!D:E,2,0)) -> 36 | H46: =IF(D46="(연결)","",VLOOKUP(D46,'44-144'!D:E,2,0)) -> #N/A | I46: =IF(D46="(연결)","",VLOOKUP(D46,'44-144-1'!D:E,2,0)) -> #N/A | J46: =IF(D46="(연결)","",VLOOKUP(D46,'44-288'!D:E,2,0)) -> #N/A | K46: =IF(D46="(연결)","",VLOOKUP(D46,'44-288-1'!D:E,2,0)) -> #N/A | L46: =IF(D46="(연결)","",VLOOKUP(D46,'(44-288)'!D:E,2,0)) -> #N/A | M46: =IF(D46="(연결)","",VLOOKUP(D46,'46-288'!D:E,2,0)) -> #N/A | N46: =IF(D46="(연결)","",VLOOKUP(D46,'46-288-1'!D:E,2,0)) -> #N/A | O46: =IF(D46="(연결)","",VLOOKUP(D46,'46-288-2'!D:E,2,0)) -> #N/A | P46: =IF(D46="(연결)","",VLOOKUP(D46,'(46-288)'!D:E,2,0)) -> #N/A | Q46: =IF(D46="(연결)","",VLOOKUP(D46,'72-72'!D:E,2,0)) -> #N/A | R46: =IF(D46="(연결)","",VLOOKUP(D46,'72-144'!D:E,2,0)) -> #N/A | S46: =IF(D46="(연결)","",VLOOKUP(D46,'73-12'!D:E,2,0)) -> #N/A | T46: =IF(D46="(연결)","",VLOOKUP(D46,'104-12'!D:E,2,0)) -> #N/A | U46: =IF(D46="(연결)","",VLOOKUP(D46,'105-36'!D:E,2,0)) -> #N/A | V46: =IF(D46="(연결)","",VLOOKUP(D46,'105-72'!D:E,2,0)) -> #N/A | W46: =IF(D46="(연결)","",VLOOKUP(D46,'130-72'!D:E,2,0)) -> #N/A | X46: =IF(D46="(연결)","",VLOOKUP(D46,'150-36-2'!D:E,2,0)) -> #N/A | Y46: =IF(D46="(연결)","",VLOOKUP(D46,'166-144'!D:E,2,0)) -> #N/A | Z46: =IF(D46="(연결)","",VLOOKUP(D46,'187-144-2'!D:E,2,0)) -> #N/A | AA46: =IF(D46="(연결)","",VLOOKUP(D46,'201-36'!D:E,2,0)) -> #N/A | AB46: =IF(D46="(연결)","",VLOOKUP(D46,'201-72'!D:E,2,0)) -> #N/A | AC46: =IF(D46="(연결)","",VLOOKUP(D46,'201-72-2'!D:E,2,0)) -> #N/A | AD46: =IF(D46="(연결)","",VLOOKUP(D46,'134-36'!D:E,2,0)) -> #N/A | AE46: 인천간석사옥/인천종합국사(1층)~인천간석_104053_1_0_0_8820C452_1-3-8:4 가공형_FULL [인천간석_104018_1_0_0_8820C452_1-3-8:4 가공형] | AF46: N | AH46: 홈/기업 | AI46: FTTH 1차 RN | AJ46: 140834095,140845914,140846142 | AK46: 37 | AR46: 인천간석사옥/인천종합국사(1층) | AS46: V8500 | AT46: H_TONGHAB-V8500-4-TPS | AU46: H_TONGHAB-V8500-4-TPS | AV46: 3 | AW46: 인천간석_104053_1_0_0_8820C452_1-3-8:4 가공형_FULL | AX46: RN 1-3-8:4 | AZ46: 인천간석_104053_1_0_0_8820C452_1-3-8:4 가공형_FULL_RN 1-3-8:4 | BA46: I_P1
A47: Unit#4 | F47: =IF(D47="(연결)","",VLOOKUP(D47,'115-144'!D:E,2,0)) | G47: =IF(D47="(연결)","",VLOOKUP(D47,'(115-288)'!D:E,2,0)) | H47: =IF(D47="(연결)","",VLOOKUP(D47,'44-144'!D:E,2,0)) | I47: =IF(D47="(연결)","",VLOOKUP(D47,'44-144-1'!D:E,2,0)) | J47: =IF(D47="(연결)","",VLOOKUP(D47,'44-288'!D:E,2,0)) | K47: =IF(D47="(연결)","",VLOOKUP(D47,'44-288-1'!D:E,2,0)) | L47: =IF(D47="(연결)","",VLOOKUP(D47,'(44-288)'!D:E,2,0)) | M47: =IF(D47="(연결)","",VLOOKUP(D47,'46-288'!D:E,2,0)) | O47: =IF(D47="(연결)","",VLOOKUP(D47,'46-288-2'!D:E,2,0)) | P47: =IF(D47="(연결)","",VLOOKUP(D47,'(46-288)'!D:E,2,0)) | Q47: =IF(D47="(연결)","",VLOOKUP(D47,'72-72'!D:E,2,0)) | R47: =IF(D47="(연결)","",VLOOKUP(D47,'72-144'!D:E,2,0)) | S47: =IF(D47="(연결)","",VLOOKUP(D47,'73-12'!D:E,2,0)) | T47: =IF(D47="(연결)","",VLOOKUP(D47,'104-12'!D:E,2,0)) | U47: =IF(D47="(연결)","",VLOOKUP(D47,'105-36'!D:E,2,0)) | V47: =IF(D47="(연결)","",VLOOKUP(D47,'105-72'!D:E,2,0)) | W47: =IF(D47="(연결)","",VLOOKUP(D47,'130-72'!D:E,2,0)) | X47: =IF(D47="(연결)","",VLOOKUP(D47,'150-36-2'!D:E,2,0)) | Y47: =IF(D47="(연결)","",VLOOKUP(D47,'166-144'!D:E,2,0)) | Z47: =IF(D47="(연결)","",VLOOKUP(D47,'187-144-2'!D:E,2,0)) | AA47: =IF(D47="(연결)","",VLOOKUP(D47,'201-36'!D:E,2,0)) | AC47: =IF(D47="(연결)","",VLOOKUP(D47,'201-72-2'!D:E,2,0)) | AD47: =IF(D47="(연결)","",VLOOKUP(D47,'134-36'!D:E,2,0))
A48: 4 | B48: 37 | C48: 운영중(OK) | D48: 3061131342 | E48: 37 | F48: =IF(D48="(연결)","",VLOOKUP(D48,'115-144'!D:E,2,0)) -> #N/A | G48: =IF(D48="(연결)","",VLOOKUP(D48,'(115-288)'!D:E,2,0)) -> #N/A | H48: =IF(D48="(연결)","",VLOOKUP(D48,'44-144'!D:E,2,0)) -> #N/A | I48: =IF(D48="(연결)","",VLOOKUP(D48,'44-144-1'!D:E,2,0)) -> #N/A | J48: =IF(D48="(연결)","",VLOOKUP(D48,'44-288'!D:E,2,0)) -> #N/A | K48: =IF(D48="(연결)","",VLOOKUP(D48,'44-288-1'!D:E,2,0)) -> #N/A | L48: =IF(D48="(연결)","",VLOOKUP(D48,'(44-288)'!D:E,2,0)) -> #N/A | M48: =IF(D48="(연결)","",VLOOKUP(D48,'46-288'!D:E,2,0)) -> #N/A | N48: =IF(D48="(연결)","",VLOOKUP(D48,'46-288-1'!D:E,2,0)) -> #N/A | O48: =IF(D48="(연결)","",VLOOKUP(D48,'46-288-2'!D:E,2,0)) -> #N/A | P48: =IF(D48="(연결)","",VLOOKUP(D48,'(46-288)'!D:E,2,0)) -> #N/A | Q48: =IF(D48="(연결)","",VLOOKUP(D48,'72-72'!D:E,2,0)) -> #N/A | R48: =IF(D48="(연결)","",VLOOKUP(D48,'72-144'!D:E,2,0)) -> #N/A | S48: =IF(D48="(연결)","",VLOOKUP(D48,'73-12'!D:E,2,0)) -> #N/A | T48: =IF(D48="(연결)","",VLOOKUP(D48,'104-12'!D:E,2,0)) -> #N/A | U48: =IF(D48="(연결)","",VLOOKUP(D48,'105-36'!D:E,2,0)) -> #N/A | V48: =IF(D48="(연결)","",VLOOKUP(D48,'105-72'!D:E,2,0)) -> #N/A | W48: =IF(D48="(연결)","",VLOOKUP(D48,'130-72'!D:E,2,0)) -> #N/A | X48: =IF(D48="(연결)","",VLOOKUP(D48,'150-36-2'!D:E,2,0)) -> #N/A | Y48: =IF(D48="(연결)","",VLOOKUP(D48,'166-144'!D:E,2,0)) -> #N/A | Z48: =IF(D48="(연결)","",VLOOKUP(D48,'187-144-2'!D:E,2,0)) -> #N/A | AA48: =IF(D48="(연결)","",VLOOKUP(D48,'201-36'!D:E,2,0)) -> #N/A | AB48: =IF(D48="(연결)","",VLOOKUP(D48,'201-72'!D:E,2,0)) -> #N/A | AC48: =IF(D48="(연결)","",VLOOKUP(D48,'201-72-2'!D:E,2,0)) -> #N/A | AD48: =IF(D48="(연결)","",VLOOKUP(D48,'134-36'!D:E,2,0)) -> #N/A | AE48: 인천간석사옥/인천종합국사(1층)~인천간석_106074_1_0_0_8720H251_1-3-8:4가공형_10G+인천간석_109017_1_0_0_8720H251_1-3-8C_10G [인천종합국사(1층)(북구분배센터)(뱅크)~인천간석_106074_1_0_0_8720H251_1-3-8:4가공형 10G_전주_RN 1-3-8:4] | AF48: N | AH48: 홈/기업 | AI48: FTTH 1차 RN | AJ48: 201085539 | AK48: 43 | AR48: 인천간석사옥/인천종합국사(1층) | AS48: V8500 | AT48: H_JONGHAB-V8500-6-TPS | AU48: H_JONGHAB-V8500-6-TPS | AV48: 4 | AW48: 인천간석_106074_1_0_0_8720H251_1-3-8:4가공형_10G+인천간석_109017_1_0_0_8720H251_1-3-8C_10G | AX48: RN 1-3-8:4 | AZ48: 인천간석_106074_1_0_0_8720H251_1-3-8:4가공형 10G_전주_RN 1-3-8:4 | BA48: I_P1
A49: 4 | B49: 38 | C49: 운영중(OK) | D49: 3063551076 | E49: 38 | F49: =IF(D49="(연결)","",VLOOKUP(D49,'115-144'!D:E,2,0)) -> #N/A | G49: =IF(D49="(연결)","",VLOOKUP(D49,'(115-288)'!D:E,2,0)) -> #N/A | H49: =IF(D49="(연결)","",VLOOKUP(D49,'44-144'!D:E,2,0)) -> #N/A | I49: =IF(D49="(연결)","",VLOOKUP(D49,'44-144-1'!D:E,2,0)) -> #N/A | J49: =IF(D49="(연결)","",VLOOKUP(D49,'44-288'!D:E,2,0)) -> #N/A | K49: =IF(D49="(연결)","",VLOOKUP(D49,'44-288-1'!D:E,2,0)) -> #N/A | L49: =IF(D49="(연결)","",VLOOKUP(D49,'(44-288)'!D:E,2,0)) -> #N/A | M49: =IF(D49="(연결)","",VLOOKUP(D49,'46-288'!D:E,2,0)) -> #N/A | N49: =IF(D49="(연결)","",VLOOKUP(D49,'46-288-1'!D:E,2,0)) -> #N/A | O49: =IF(D49="(연결)","",VLOOKUP(D49,'46-288-2'!D:E,2,0)) -> #N/A | P49: =IF(D49="(연결)","",VLOOKUP(D49,'(46-288)'!D:E,2,0)) -> #N/A | Q49: =IF(D49="(연결)","",VLOOKUP(D49,'72-72'!D:E,2,0)) -> #N/A | R49: =IF(D49="(연결)","",VLOOKUP(D49,'72-144'!D:E,2,0)) -> #N/A | S49: =IF(D49="(연결)","",VLOOKUP(D49,'73-12'!D:E,2,0)) -> #N/A | T49: =IF(D49="(연결)","",VLOOKUP(D49,'104-12'!D:E,2,0)) -> #N/A | U49: =IF(D49="(연결)","",VLOOKUP(D49,'105-36'!D:E,2,0)) -> #N/A | V49: =IF(D49="(연결)","",VLOOKUP(D49,'105-72'!D:E,2,0)) -> #N/A | W49: =IF(D49="(연결)","",VLOOKUP(D49,'130-72'!D:E,2,0)) -> #N/A | X49: =IF(D49="(연결)","",VLOOKUP(D49,'150-36-2'!D:E,2,0)) -> #N/A | Y49: =IF(D49="(연결)","",VLOOKUP(D49,'166-144'!D:E,2,0)) -> #N/A | Z49: =IF(D49="(연결)","",VLOOKUP(D49,'187-144-2'!D:E,2,0)) -> #N/A | AA49: =IF(D49="(연결)","",VLOOKUP(D49,'201-36'!D:E,2,0)) -> #N/A | AB49: =IF(D49="(연결)","",VLOOKUP(D49,'201-72'!D:E,2,0)) -> #N/A | AC49: =IF(D49="(연결)","",VLOOKUP(D49,'201-72-2'!D:E,2,0)) -> #N/A | AD49: =IF(D49="(연결)","",VLOOKUP(D49,'134-36'!D:E,2,0)) -> #N/A | AE49: 인천간석사옥/인천종합국사(1층)~인천간석_106074_1_0_0_8720H251_1-3-8:4가공형_10G+인천간석_109017_1_0_0_8720H251_1-3-8C_10G [인천간석_109017_1_0_0_8720H251_1-3-8C_10G] | AF49: N | AH49: 홈/기업 | AI49: FTTH 1차 RN | AJ49: 201943709 | AR49: 인천간석사옥/인천종합국사(1층) | AS49: V8500M | AT49: H_JongHab-V8500M-9-TPS | AU49: H_JongHab-V8500M-9-TPS | AV49: 7 | AW49: 인천간석_106074_1_0_0_8720H251_1-3-8:4가공형_10G+인천간석_109017_1_0_0_8720H251_1-3-8C_10G | AX49: RN,Splitter,1-3,Non-콘넥터Type(new) | AZ49: 인천간석_109017_1_0_0_8720H251_1-3-8C_전주_RN,Splitter,1-3,Non-콘넥터Type(new) | BA49: I_P1
A50: 4 | B50: 39 | D50: (연결) | E50: 39 | F50: =IF(D50="(연결)","",VLOOKUP(D50,'115-144'!D:E,2,0)) | G50: =IF(D50="(연결)","",VLOOKUP(D50,'(115-288)'!D:E,2,0)) | H50: =IF(D50="(연결)","",VLOOKUP(D50,'44-144'!D:E,2,0)) | I50: =IF(D50="(연결)","",VLOOKUP(D50,'44-144-1'!D:E,2,0)) | J50: =IF(D50="(연결)","",VLOOKUP(D50,'44-288'!D:E,2,0)) | K50: =IF(D50="(연결)","",VLOOKUP(D50,'44-288-1'!D:E,2,0)) | L50: =IF(D50="(연결)","",VLOOKUP(D50,'(44-288)'!D:E,2,0)) | M50: =IF(D50="(연결)","",VLOOKUP(D50,'46-288'!D:E,2,0)) | O50: =IF(D50="(연결)","",VLOOKUP(D50,'46-288-2'!D:E,2,0)) | P50: =IF(D50="(연결)","",VLOOKUP(D50,'(46-288)'!D:E,2,0)) | Q50: =IF(D50="(연결)","",VLOOKUP(D50,'72-72'!D:E,2,0)) | R50: =IF(D50="(연결)","",VLOOKUP(D50,'72-144'!D:E,2,0)) | S50: =IF(D50="(연결)","",VLOOKUP(D50,'73-12'!D:E,2,0)) | T50: =IF(D50="(연결)","",VLOOKUP(D50,'104-12'!D:E,2,0)) | U50: =IF(D50="(연결)","",VLOOKUP(D50,'105-36'!D:E,2,0)) | V50: =IF(D50="(연결)","",VLOOKUP(D50,'105-72'!D:E,2,0)) | W50: =IF(D50="(연결)","",VLOOKUP(D50,'130-72'!D:E,2,0)) | X50: =IF(D50="(연결)","",VLOOKUP(D50,'150-36-2'!D:E,2,0)) | Y50: =IF(D50="(연결)","",VLOOKUP(D50,'166-144'!D:E,2,0)) | Z50: =IF(D50="(연결)","",VLOOKUP(D50,'187-144-2'!D:E,2,0)) | AA50: =IF(D50="(연결)","",VLOOKUP(D50,'201-36'!D:E,2,0)) | AC50: =IF(D50="(연결)","",VLOOKUP(D50,'201-72-2'!D:E,2,0)) | AD50: =IF(D50="(연결)","",VLOOKUP(D50,'134-36'!D:E,2,0)) | AE50: 인천간석사옥/인천종합국사(2층) [INIH]~8820P291[8720P291] | AF50: N
A51: 4 | B51: 40 | D51: (연결) | E51: 40 | F51: =IF(D51="(연결)","",VLOOKUP(D51,'115-144'!D:E,2,0)) | G51: =IF(D51="(연결)","",VLOOKUP(D51,'(115-288)'!D:E,2,0)) | H51: =IF(D51="(연결)","",VLOOKUP(D51,'44-144'!D:E,2,0)) | I51: =IF(D51="(연결)","",VLOOKUP(D51,'44-144-1'!D:E,2,0)) | J51: =IF(D51="(연결)","",VLOOKUP(D51,'44-288'!D:E,2,0)) | K51: =IF(D51="(연결)","",VLOOKUP(D51,'44-288-1'!D:E,2,0)) | L51: =IF(D51="(연결)","",VLOOKUP(D51,'(44-288)'!D:E,2,0)) | M51: =IF(D51="(연결)","",VLOOKUP(D51,'46-288'!D:E,2,0)) | O51: =IF(D51="(연결)","",VLOOKUP(D51,'46-288-2'!D:E,2,0)) | P51: =IF(D51="(연결)","",VLOOKUP(D51,'(46-288)'!D:E,2,0)) | Q51: =IF(D51="(연결)","",VLOOKUP(D51,'72-72'!D:E,2,0)) | R51: =IF(D51="(연결)","",VLOOKUP(D51,'72-144'!D:E,2,0)) | S51: =IF(D51="(연결)","",VLOOKUP(D51,'73-12'!D:E,2,0)) | T51: =IF(D51="(연결)","",VLOOKUP(D51,'104-12'!D:E,2,0)) | U51: =IF(D51="(연결)","",VLOOKUP(D51,'105-36'!D:E,2,0)) | V51: =IF(D51="(연결)","",VLOOKUP(D51,'105-72'!D:E,2,0)) | W51: =IF(D51="(연결)","",VLOOKUP(D51,'130-72'!D:E,2,0)) | X51: =IF(D51="(연결)","",VLOOKUP(D51,'150-36-2'!D:E,2,0)) | Y51: =IF(D51="(연결)","",VLOOKUP(D51,'166-144'!D:E,2,0)) | Z51: =IF(D51="(연결)","",VLOOKUP(D51,'187-144-2'!D:E,2,0)) | AA51: =IF(D51="(연결)","",VLOOKUP(D51,'201-36'!D:E,2,0)) | AC51: =IF(D51="(연결)","",VLOOKUP(D51,'201-72-2'!D:E,2,0)) | AD51: =IF(D51="(연결)","",VLOOKUP(D51,'134-36'!D:E,2,0)) | AE51: 인천간석사옥/인천종합국사(2층) [INIH]~8820P291[8720P291] | AF51: N
A52: 4 | B52: 41 | D52: (연결) | E52: 41 | F52: =IF(D52="(연결)","",VLOOKUP(D52,'115-144'!D:E,2,0)) | G52: =IF(D52="(연결)","",VLOOKUP(D52,'(115-288)'!D:E,2,0)) | H52: =IF(D52="(연결)","",VLOOKUP(D52,'44-144'!D:E,2,0)) | I52: =IF(D52="(연결)","",VLOOKUP(D52,'44-144-1'!D:E,2,0)) | J52: =IF(D52="(연결)","",VLOOKUP(D52,'44-288'!D:E,2,0)) | K52: =IF(D52="(연결)","",VLOOKUP(D52,'44-288-1'!D:E,2,0)) | L52: =IF(D52="(연결)","",VLOOKUP(D52,'(44-288)'!D:E,2,0)) | M52: =IF(D52="(연결)","",VLOOKUP(D52,'46-288'!D:E,2,0)) | O52: =IF(D52="(연결)","",VLOOKUP(D52,'46-288-2'!D:E,2,0)) | P52: =IF(D52="(연결)","",VLOOKUP(D52,'(46-288)'!D:E,2,0)) | Q52: =IF(D52="(연결)","",VLOOKUP(D52,'72-72'!D:E,2,0)) | R52: =IF(D52="(연결)","",VLOOKUP(D52,'72-144'!D:E,2,0)) | S52: =IF(D52="(연결)","",VLOOKUP(D52,'73-12'!D:E,2,0)) | T52: =IF(D52="(연결)","",VLOOKUP(D52,'104-12'!D:E,2,0)) | U52: =IF(D52="(연결)","",VLOOKUP(D52,'105-36'!D:E,2,0)) | V52: =IF(D52="(연결)","",VLOOKUP(D52,'105-72'!D:E,2,0)) | W52: =IF(D52="(연결)","",VLOOKUP(D52,'130-72'!D:E,2,0)) | X52: =IF(D52="(연결)","",VLOOKUP(D52,'150-36-2'!D:E,2,0)) | Y52: =IF(D52="(연결)","",VLOOKUP(D52,'166-144'!D:E,2,0)) | Z52: =IF(D52="(연결)","",VLOOKUP(D52,'187-144-2'!D:E,2,0)) | AA52: =IF(D52="(연결)","",VLOOKUP(D52,'201-36'!D:E,2,0)) | AC52: =IF(D52="(연결)","",VLOOKUP(D52,'201-72-2'!D:E,2,0)) | AD52: =IF(D52="(연결)","",VLOOKUP(D52,'134-36'!D:E,2,0)) | AE52: 인천부평국사(뱅크)[INBP]~인천부평국사(뱅크)[INBP] | AF52: N
A53: 4 | B53: 42 | D53: (연결) | E53: 42 | F53: =IF(D53="(연결)","",VLOOKUP(D53,'115-144'!D:E,2,0)) | G53: =IF(D53="(연결)","",VLOOKUP(D53,'(115-288)'!D:E,2,0)) | H53: =IF(D53="(연결)","",VLOOKUP(D53,'44-144'!D:E,2,0)) | I53: =IF(D53="(연결)","",VLOOKUP(D53,'44-144-1'!D:E,2,0)) | J53: =IF(D53="(연결)","",VLOOKUP(D53,'44-288'!D:E,2,0)) | K53: =IF(D53="(연결)","",VLOOKUP(D53,'44-288-1'!D:E,2,0)) | L53: =IF(D53="(연결)","",VLOOKUP(D53,'(44-288)'!D:E,2,0)) | M53: =IF(D53="(연결)","",VLOOKUP(D53,'46-288'!D:E,2,0)) | O53: =IF(D53="(연결)","",VLOOKUP(D53,'46-288-2'!D:E,2,0)) | P53: =IF(D53="(연결)","",VLOOKUP(D53,'(46-288)'!D:E,2,0)) | Q53: =IF(D53="(연결)","",VLOOKUP(D53,'72-72'!D:E,2,0)) | R53: =IF(D53="(연결)","",VLOOKUP(D53,'72-144'!D:E,2,0)) | S53: =IF(D53="(연결)","",VLOOKUP(D53,'73-12'!D:E,2,0)) | T53: =IF(D53="(연결)","",VLOOKUP(D53,'104-12'!D:E,2,0)) | U53: =IF(D53="(연결)","",VLOOKUP(D53,'105-36'!D:E,2,0)) | V53: =IF(D53="(연결)","",VLOOKUP(D53,'105-72'!D:E,2,0)) | W53: =IF(D53="(연결)","",VLOOKUP(D53,'130-72'!D:E,2,0)) | X53: =IF(D53="(연결)","",VLOOKUP(D53,'150-36-2'!D:E,2,0)) | Y53: =IF(D53="(연결)","",VLOOKUP(D53,'166-144'!D:E,2,0)) | Z53: =IF(D53="(연결)","",VLOOKUP(D53,'187-144-2'!D:E,2,0)) | AA53: =IF(D53="(연결)","",VLOOKUP(D53,'201-36'!D:E,2,0)) | AC53: =IF(D53="(연결)","",VLOOKUP(D53,'201-72-2'!D:E,2,0)) | AD53: =IF(D53="(연결)","",VLOOKUP(D53,'134-36'!D:E,2,0)) | AE53: 인천부평국사(뱅크)[INBP]~인천부평국사(뱅크)[INBP] | AF53: N
A54: 4 | B54: 43 | D54: (연결) | E54: 43 | F54: =IF(D54="(연결)","",VLOOKUP(D54,'115-144'!D:E,2,0)) | G54: =IF(D54="(연결)","",VLOOKUP(D54,'(115-288)'!D:E,2,0)) | H54: =IF(D54="(연결)","",VLOOKUP(D54,'44-144'!D:E,2,0)) | I54: =IF(D54="(연결)","",VLOOKUP(D54,'44-144-1'!D:E,2,0)) | J54: =IF(D54="(연결)","",VLOOKUP(D54,'44-288'!D:E,2,0)) | K54: =IF(D54="(연결)","",VLOOKUP(D54,'44-288-1'!D:E,2,0)) | L54: =IF(D54="(연결)","",VLOOKUP(D54,'(44-288)'!D:E,2,0)) | M54: =IF(D54="(연결)","",VLOOKUP(D54,'46-288'!D:E,2,0)) | O54: =IF(D54="(연결)","",VLOOKUP(D54,'46-288-2'!D:E,2,0)) | P54: =IF(D54="(연결)","",VLOOKUP(D54,'(46-288)'!D:E,2,0)) | Q54: =IF(D54="(연결)","",VLOOKUP(D54,'72-72'!D:E,2,0)) | R54: =IF(D54="(연결)","",VLOOKUP(D54,'72-144'!D:E,2,0)) | S54: =IF(D54="(연결)","",VLOOKUP(D54,'73-12'!D:E,2,0)) | T54: =IF(D54="(연결)","",VLOOKUP(D54,'104-12'!D:E,2,0)) | U54: =IF(D54="(연결)","",VLOOKUP(D54,'105-36'!D:E,2,0)) | V54: =IF(D54="(연결)","",VLOOKUP(D54,'105-72'!D:E,2,0)) | W54: =IF(D54="(연결)","",VLOOKUP(D54,'130-72'!D:E,2,0)) | X54: =IF(D54="(연결)","",VLOOKUP(D54,'150-36-2'!D:E,2,0)) | Y54: =IF(D54="(연결)","",VLOOKUP(D54,'166-144'!D:E,2,0)) | Z54: =IF(D54="(연결)","",VLOOKUP(D54,'187-144-2'!D:E,2,0)) | AA54: =IF(D54="(연결)","",VLOOKUP(D54,'201-36'!D:E,2,0)) | AC54: =IF(D54="(연결)","",VLOOKUP(D54,'201-72-2'!D:E,2,0)) | AD54: =IF(D54="(연결)","",VLOOKUP(D54,'134-36'!D:E,2,0)) | AE54: 인천간석사옥/인천종합국사(2층) [INIH]~인천부평국사(뱅크)[INBP] | AF54: N
A55: 4 | B55: 44 | D55: (연결) | E55: 44 | F55: =IF(D55="(연결)","",VLOOKUP(D55,'115-144'!D:E,2,0)) | G55: =IF(D55="(연결)","",VLOOKUP(D55,'(115-288)'!D:E,2,0)) | H55: =IF(D55="(연결)","",VLOOKUP(D55,'44-144'!D:E,2,0)) | I55: =IF(D55="(연결)","",VLOOKUP(D55,'44-144-1'!D:E,2,0)) | J55: =IF(D55="(연결)","",VLOOKUP(D55,'44-288'!D:E,2,0)) | K55: =IF(D55="(연결)","",VLOOKUP(D55,'44-288-1'!D:E,2,0)) | L55: =IF(D55="(연결)","",VLOOKUP(D55,'(44-288)'!D:E,2,0)) | M55: =IF(D55="(연결)","",VLOOKUP(D55,'46-288'!D:E,2,0)) | O55: =IF(D55="(연결)","",VLOOKUP(D55,'46-288-2'!D:E,2,0)) | P55: =IF(D55="(연결)","",VLOOKUP(D55,'(46-288)'!D:E,2,0)) | Q55: =IF(D55="(연결)","",VLOOKUP(D55,'72-72'!D:E,2,0)) | R55: =IF(D55="(연결)","",VLOOKUP(D55,'72-144'!D:E,2,0)) | S55: =IF(D55="(연결)","",VLOOKUP(D55,'73-12'!D:E,2,0)) | T55: =IF(D55="(연결)","",VLOOKUP(D55,'104-12'!D:E,2,0)) | U55: =IF(D55="(연결)","",VLOOKUP(D55,'105-36'!D:E,2,0)) | V55: =IF(D55="(연결)","",VLOOKUP(D55,'105-72'!D:E,2,0)) | W55: =IF(D55="(연결)","",VLOOKUP(D55,'130-72'!D:E,2,0)) | X55: =IF(D55="(연결)","",VLOOKUP(D55,'150-36-2'!D:E,2,0)) | Y55: =IF(D55="(연결)","",VLOOKUP(D55,'166-144'!D:E,2,0)) | Z55: =IF(D55="(연결)","",VLOOKUP(D55,'187-144-2'!D:E,2,0)) | AA55: =IF(D55="(연결)","",VLOOKUP(D55,'201-36'!D:E,2,0)) | AC55: =IF(D55="(연결)","",VLOOKUP(D55,'201-72-2'!D:E,2,0)) | AD55: =IF(D55="(연결)","",VLOOKUP(D55,'134-36'!D:E,2,0)) | AE55: ~ | AF55: N
A56: 4 | B56: 45 | D56: (연결) | E56: 45 | F56: =IF(D56="(연결)","",VLOOKUP(D56,'115-144'!D:E,2,0)) | G56: =IF(D56="(연결)","",VLOOKUP(D56,'(115-288)'!D:E,2,0)) | H56: =IF(D56="(연결)","",VLOOKUP(D56,'44-144'!D:E,2,0)) | I56: =IF(D56="(연결)","",VLOOKUP(D56,'44-144-1'!D:E,2,0)) | J56: =IF(D56="(연결)","",VLOOKUP(D56,'44-288'!D:E,2,0)) | K56: =IF(D56="(연결)","",VLOOKUP(D56,'44-288-1'!D:E,2,0)) | L56: =IF(D56="(연결)","",VLOOKUP(D56,'(44-288)'!D:E,2,0)) | M56: =IF(D56="(연결)","",VLOOKUP(D56,'46-288'!D:E,2,0)) | O56: =IF(D56="(연결)","",VLOOKUP(D56,'46-288-2'!D:E,2,0)) | P56: =IF(D56="(연결)","",VLOOKUP(D56,'(46-288)'!D:E,2,0)) | Q56: =IF(D56="(연결)","",VLOOKUP(D56,'72-72'!D:E,2,0)) | R56: =IF(D56="(연결)","",VLOOKUP(D56,'72-144'!D:E,2,0)) | S56: =IF(D56="(연결)","",VLOOKUP(D56,'73-12'!D:E,2,0)) | T56: =IF(D56="(연결)","",VLOOKUP(D56,'104-12'!D:E,2,0)) | U56: =IF(D56="(연결)","",VLOOKUP(D56,'105-36'!D:E,2,0)) | V56: =IF(D56="(연결)","",VLOOKUP(D56,'105-72'!D:E,2,0)) | W56: =IF(D56="(연결)","",VLOOKUP(D56,'130-72'!D:E,2,0)) | X56: =IF(D56="(연결)","",VLOOKUP(D56,'150-36-2'!D:E,2,0)) | Y56: =IF(D56="(연결)","",VLOOKUP(D56,'166-144'!D:E,2,0)) | Z56: =IF(D56="(연결)","",VLOOKUP(D56,'187-144-2'!D:E,2,0)) | AA56: =IF(D56="(연결)","",VLOOKUP(D56,'201-36'!D:E,2,0)) | AC56: =IF(D56="(연결)","",VLOOKUP(D56,'201-72-2'!D:E,2,0)) | AD56: =IF(D56="(연결)","",VLOOKUP(D56,'134-36'!D:E,2,0)) | AE56: 8720H253[8720H253]~8820C421[8820C415 사각H] | AF56: N
A57: 4 | B57: 46 | D57: (연결) | E57: 46 | F57: =IF(D57="(연결)","",VLOOKUP(D57,'115-144'!D:E,2,0)) | G57: =IF(D57="(연결)","",VLOOKUP(D57,'(115-288)'!D:E,2,0)) | H57: =IF(D57="(연결)","",VLOOKUP(D57,'44-144'!D:E,2,0)) | I57: =IF(D57="(연결)","",VLOOKUP(D57,'44-144-1'!D:E,2,0)) | J57: =IF(D57="(연결)","",VLOOKUP(D57,'44-288'!D:E,2,0)) | K57: =IF(D57="(연결)","",VLOOKUP(D57,'44-288-1'!D:E,2,0)) | L57: =IF(D57="(연결)","",VLOOKUP(D57,'(44-288)'!D:E,2,0)) | M57: =IF(D57="(연결)","",VLOOKUP(D57,'46-288'!D:E,2,0)) | O57: =IF(D57="(연결)","",VLOOKUP(D57,'46-288-2'!D:E,2,0)) | P57: =IF(D57="(연결)","",VLOOKUP(D57,'(46-288)'!D:E,2,0)) | Q57: =IF(D57="(연결)","",VLOOKUP(D57,'72-72'!D:E,2,0)) | R57: =IF(D57="(연결)","",VLOOKUP(D57,'72-144'!D:E,2,0)) | S57: =IF(D57="(연결)","",VLOOKUP(D57,'73-12'!D:E,2,0)) | T57: =IF(D57="(연결)","",VLOOKUP(D57,'104-12'!D:E,2,0)) | U57: =IF(D57="(연결)","",VLOOKUP(D57,'105-36'!D:E,2,0)) | V57: =IF(D57="(연결)","",VLOOKUP(D57,'105-72'!D:E,2,0)) | W57: =IF(D57="(연결)","",VLOOKUP(D57,'130-72'!D:E,2,0)) | X57: =IF(D57="(연결)","",VLOOKUP(D57,'150-36-2'!D:E,2,0)) | Y57: =IF(D57="(연결)","",VLOOKUP(D57,'166-144'!D:E,2,0)) | Z57: =IF(D57="(연결)","",VLOOKUP(D57,'187-144-2'!D:E,2,0)) | AA57: =IF(D57="(연결)","",VLOOKUP(D57,'201-36'!D:E,2,0)) | AC57: =IF(D57="(연결)","",VLOOKUP(D57,'201-72-2'!D:E,2,0)) | AD57: =IF(D57="(연결)","",VLOOKUP(D57,'134-36'!D:E,2,0)) | AE57: 8820C421[8820C415 사각H]~인천간석사옥/인천종합국사(2층) [INIH] | AF57: N
A58: 4 | B58: 47 | D58: (연결) | E58: 47 | F58: =IF(D58="(연결)","",VLOOKUP(D58,'115-144'!D:E,2,0)) | G58: =IF(D58="(연결)","",VLOOKUP(D58,'(115-288)'!D:E,2,0)) | H58: =IF(D58="(연결)","",VLOOKUP(D58,'44-144'!D:E,2,0)) | I58: =IF(D58="(연결)","",VLOOKUP(D58,'44-144-1'!D:E,2,0)) | J58: =IF(D58="(연결)","",VLOOKUP(D58,'44-288'!D:E,2,0)) | K58: =IF(D58="(연결)","",VLOOKUP(D58,'44-288-1'!D:E,2,0)) | L58: =IF(D58="(연결)","",VLOOKUP(D58,'(44-288)'!D:E,2,0)) | M58: =IF(D58="(연결)","",VLOOKUP(D58,'46-288'!D:E,2,0)) | O58: =IF(D58="(연결)","",VLOOKUP(D58,'46-288-2'!D:E,2,0)) | P58: =IF(D58="(연결)","",VLOOKUP(D58,'(46-288)'!D:E,2,0)) | Q58: =IF(D58="(연결)","",VLOOKUP(D58,'72-72'!D:E,2,0)) | R58: =IF(D58="(연결)","",VLOOKUP(D58,'72-144'!D:E,2,0)) | S58: =IF(D58="(연결)","",VLOOKUP(D58,'73-12'!D:E,2,0)) | T58: =IF(D58="(연결)","",VLOOKUP(D58,'104-12'!D:E,2,0)) | U58: =IF(D58="(연결)","",VLOOKUP(D58,'105-36'!D:E,2,0)) | V58: =IF(D58="(연결)","",VLOOKUP(D58,'105-72'!D:E,2,0)) | W58: =IF(D58="(연결)","",VLOOKUP(D58,'130-72'!D:E,2,0)) | X58: =IF(D58="(연결)","",VLOOKUP(D58,'150-36-2'!D:E,2,0)) | Y58: =IF(D58="(연결)","",VLOOKUP(D58,'166-144'!D:E,2,0)) | Z58: =IF(D58="(연결)","",VLOOKUP(D58,'187-144-2'!D:E,2,0)) | AA58: =IF(D58="(연결)","",VLOOKUP(D58,'201-36'!D:E,2,0)) | AC58: =IF(D58="(연결)","",VLOOKUP(D58,'201-72-2'!D:E,2,0)) | AD58: =IF(D58="(연결)","",VLOOKUP(D58,'134-36'!D:E,2,0)) | AE58: ~ | AF58: N
A59: 4 | B59: 48 | D59: (연결) | E59: 48 | F59: =IF(D59="(연결)","",VLOOKUP(D59,'115-144'!D:E,2,0)) | G59: =IF(D59="(연결)","",VLOOKUP(D59,'(115-288)'!D:E,2,0)) | H59: =IF(D59="(연결)","",VLOOKUP(D59,'44-144'!D:E,2,0)) | I59: =IF(D59="(연결)","",VLOOKUP(D59,'44-144-1'!D:E,2,0)) | J59: =IF(D59="(연결)","",VLOOKUP(D59,'44-288'!D:E,2,0)) | K59: =IF(D59="(연결)","",VLOOKUP(D59,'44-288-1'!D:E,2,0)) | L59: =IF(D59="(연결)","",VLOOKUP(D59,'(44-288)'!D:E,2,0)) | M59: =IF(D59="(연결)","",VLOOKUP(D59,'46-288'!D:E,2,0)) | O59: =IF(D59="(연결)","",VLOOKUP(D59,'46-288-2'!D:E,2,0)) | P59: =IF(D59="(연결)","",VLOOKUP(D59,'(46-288)'!D:E,2,0)) | Q59: =IF(D59="(연결)","",VLOOKUP(D59,'72-72'!D:E,2,0)) | R59: =IF(D59="(연결)","",VLOOKUP(D59,'72-144'!D:E,2,0)) | S59: =IF(D59="(연결)","",VLOOKUP(D59,'73-12'!D:E,2,0)) | T59: =IF(D59="(연결)","",VLOOKUP(D59,'104-12'!D:E,2,0)) | U59: =IF(D59="(연결)","",VLOOKUP(D59,'105-36'!D:E,2,0)) | V59: =IF(D59="(연결)","",VLOOKUP(D59,'105-72'!D:E,2,0)) | W59: =IF(D59="(연결)","",VLOOKUP(D59,'130-72'!D:E,2,0)) | X59: =IF(D59="(연결)","",VLOOKUP(D59,'150-36-2'!D:E,2,0)) | Y59: =IF(D59="(연결)","",VLOOKUP(D59,'166-144'!D:E,2,0)) | Z59: =IF(D59="(연결)","",VLOOKUP(D59,'187-144-2'!D:E,2,0)) | AA59: =IF(D59="(연결)","",VLOOKUP(D59,'201-36'!D:E,2,0)) | AC59: =IF(D59="(연결)","",VLOOKUP(D59,'201-72-2'!D:E,2,0)) | AD59: =IF(D59="(연결)","",VLOOKUP(D59,'134-36'!D:E,2,0)) | AE59: ~ | AF59: N
A60: Unit#5 | F60: =IF(D60="(연결)","",VLOOKUP(D60,'115-144'!D:E,2,0)) | G60: =IF(D60="(연결)","",VLOOKUP(D60,'(115-288)'!D:E,2,0)) | H60: =IF(D60="(연결)","",VLOOKUP(D60,'44-144'!D:E,2,0)) | I60: =IF(D60="(연결)","",VLOOKUP(D60,'44-144-1'!D:E,2,0)) | J60: =IF(D60="(연결)","",VLOOKUP(D60,'44-288'!D:E,2,0)) | K60: =IF(D60="(연결)","",VLOOKUP(D60,'44-288-1'!D:E,2,0)) | L60: =IF(D60="(연결)","",VLOOKUP(D60,'(44-288)'!D:E,2,0)) | M60: =IF(D60="(연결)","",VLOOKUP(D60,'46-288'!D:E,2,0)) | O60: =IF(D60="(연결)","",VLOOKUP(D60,'46-288-2'!D:E,2,0)) | P60: =IF(D60="(연결)","",VLOOKUP(D60,'(46-288)'!D:E,2,0)) | Q60: =IF(D60="(연결)","",VLOOKUP(D60,'72-72'!D:E,2,0)) | R60: =IF(D60="(연결)","",VLOOKUP(D60,'72-144'!D:E,2,0)) | S60: =IF(D60="(연결)","",VLOOKUP(D60,'73-12'!D:E,2,0)) | T60: =IF(D60="(연결)","",VLOOKUP(D60,'104-12'!D:E,2,0)) | U60: =IF(D60="(연결)","",VLOOKUP(D60,'105-36'!D:E,2,0)) | V60: =IF(D60="(연결)","",VLOOKUP(D60,'105-72'!D:E,2,0)) | W60: =IF(D60="(연결)","",VLOOKUP(D60,'130-72'!D:E,2,0)) | X60: =IF(D60="(연결)","",VLOOKUP(D60,'150-36-2'!D:E,2,0)) | Y60: =IF(D60="(연결)","",VLOOKUP(D60,'166-144'!D:E,2,0)) | Z60: =IF(D60="(연결)","",VLOOKUP(D60,'187-144-2'!D:E,2,0)) | AA60: =IF(D60="(연결)","",VLOOKUP(D60,'201-36'!D:E,2,0)) | AC60: =IF(D60="(연결)","",VLOOKUP(D60,'201-72-2'!D:E,2,0)) | AD60: =IF(D60="(연결)","",VLOOKUP(D60,'134-36'!D:E,2,0))
A61: 5 | B61: 49 | D61: (연결) | E61: 49 | F61: =IF(D61="(연결)","",VLOOKUP(D61,'115-144'!D:E,2,0)) | G61: =IF(D61="(연결)","",VLOOKUP(D61,'(115-288)'!D:E,2,0)) | H61: =IF(D61="(연결)","",VLOOKUP(D61,'44-144'!D:E,2,0)) | I61: =IF(D61="(연결)","",VLOOKUP(D61,'44-144-1'!D:E,2,0)) | J61: =IF(D61="(연결)","",VLOOKUP(D61,'44-288'!D:E,2,0)) | K61: =IF(D61="(연결)","",VLOOKUP(D61,'44-288-1'!D:E,2,0)) | L61: =IF(D61="(연결)","",VLOOKUP(D61,'(44-288)'!D:E,2,0)) | M61: =IF(D61="(연결)","",VLOOKUP(D61,'46-288'!D:E,2,0)) | O61: =IF(D61="(연결)","",VLOOKUP(D61,'46-288-2'!D:E,2,0)) | P61: =IF(D61="(연결)","",VLOOKUP(D61,'(46-288)'!D:E,2,0)) | Q61: =IF(D61="(연결)","",VLOOKUP(D61,'72-72'!D:E,2,0)) | R61: =IF(D61="(연결)","",VLOOKUP(D61,'72-144'!D:E,2,0)) | S61: =IF(D61="(연결)","",VLOOKUP(D61,'73-12'!D:E,2,0)) | T61: =IF(D61="(연결)","",VLOOKUP(D61,'104-12'!D:E,2,0)) | U61: =IF(D61="(연결)","",VLOOKUP(D61,'105-36'!D:E,2,0)) | V61: =IF(D61="(연결)","",VLOOKUP(D61,'105-72'!D:E,2,0)) | W61: =IF(D61="(연결)","",VLOOKUP(D61,'130-72'!D:E,2,0)) | X61: =IF(D61="(연결)","",VLOOKUP(D61,'150-36-2'!D:E,2,0)) | Y61: =IF(D61="(연결)","",VLOOKUP(D61,'166-144'!D:E,2,0)) | Z61: =IF(D61="(연결)","",VLOOKUP(D61,'187-144-2'!D:E,2,0)) | AA61: =IF(D61="(연결)","",VLOOKUP(D61,'201-36'!D:E,2,0)) | AC61: =IF(D61="(연결)","",VLOOKUP(D61,'201-72-2'!D:E,2,0)) | AD61: =IF(D61="(연결)","",VLOOKUP(D61,'134-36'!D:E,2,0)) | AE61: 8820C421[8820C415 사각H]~인천간석사옥/인천종합국사(2층) [INIH] | AF61: N
A62: 5 | B62: 50 | D62: (연결) | E62: 50 | F62: =IF(D62="(연결)","",VLOOKUP(D62,'115-144'!D:E,2,0)) | G62: =IF(D62="(연결)","",VLOOKUP(D62,'(115-288)'!D:E,2,0)) | H62: =IF(D62="(연결)","",VLOOKUP(D62,'44-144'!D:E,2,0)) | I62: =IF(D62="(연결)","",VLOOKUP(D62,'44-144-1'!D:E,2,0)) | J62: =IF(D62="(연결)","",VLOOKUP(D62,'44-288'!D:E,2,0)) | K62: =IF(D62="(연결)","",VLOOKUP(D62,'44-288-1'!D:E,2,0)) | L62: =IF(D62="(연결)","",VLOOKUP(D62,'(44-288)'!D:E,2,0)) | M62: =IF(D62="(연결)","",VLOOKUP(D62,'46-288'!D:E,2,0)) | O62: =IF(D62="(연결)","",VLOOKUP(D62,'46-288-2'!D:E,2,0)) | P62: =IF(D62="(연결)","",VLOOKUP(D62,'(46-288)'!D:E,2,0)) | Q62: =IF(D62="(연결)","",VLOOKUP(D62,'72-72'!D:E,2,0)) | R62: =IF(D62="(연결)","",VLOOKUP(D62,'72-144'!D:E,2,0)) | S62: =IF(D62="(연결)","",VLOOKUP(D62,'73-12'!D:E,2,0)) | T62: =IF(D62="(연결)","",VLOOKUP(D62,'104-12'!D:E,2,0)) | U62: =IF(D62="(연결)","",VLOOKUP(D62,'105-36'!D:E,2,0)) | V62: =IF(D62="(연결)","",VLOOKUP(D62,'105-72'!D:E,2,0)) | W62: =IF(D62="(연결)","",VLOOKUP(D62,'130-72'!D:E,2,0)) | X62: =IF(D62="(연결)","",VLOOKUP(D62,'150-36-2'!D:E,2,0)) | Y62: =IF(D62="(연결)","",VLOOKUP(D62,'166-144'!D:E,2,0)) | Z62: =IF(D62="(연결)","",VLOOKUP(D62,'187-144-2'!D:E,2,0)) | AA62: =IF(D62="(연결)","",VLOOKUP(D62,'201-36'!D:E,2,0)) | AC62: =IF(D62="(연결)","",VLOOKUP(D62,'201-72-2'!D:E,2,0)) | AD62: =IF(D62="(연결)","",VLOOKUP(D62,'134-36'!D:E,2,0)) | AE62: 인천간석사옥/인천종합국사(2층) [INIH]~8820P291[8720P291] | AF62: N
A63: 5 | B63: 51 | C63: (해지)운영중(OK) | D63: 12131734 | E63: 51 | F63: =IF(D63="(연결)","",VLOOKUP(D63,'115-144'!D:E,2,0)) -> 51 | G63: =IF(D63="(연결)","",VLOOKUP(D63,'(115-288)'!D:E,2,0)) -> 51 | H63: =IF(D63="(연결)","",VLOOKUP(D63,'44-144'!D:E,2,0)) -> #N/A | I63: =IF(D63="(연결)","",VLOOKUP(D63,'44-144-1'!D:E,2,0)) -> #N/A | J63: =IF(D63="(연결)","",VLOOKUP(D63,'44-288'!D:E,2,0)) -> #N/A | K63: =IF(D63="(연결)","",VLOOKUP(D63,'44-288-1'!D:E,2,0)) -> #N/A | L63: =IF(D63="(연결)","",VLOOKUP(D63,'(44-288)'!D:E,2,0)) -> #N/A | M63: =IF(D63="(연결)","",VLOOKUP(D63,'46-288'!D:E,2,0)) -> #N/A | N63: =IF(D63="(연결)","",VLOOKUP(D63,'46-288-1'!D:E,2,0)) -> #N/A | O63: =IF(D63="(연결)","",VLOOKUP(D63,'46-288-2'!D:E,2,0)) -> #N/A | P63: =IF(D63="(연결)","",VLOOKUP(D63,'(46-288)'!D:E,2,0)) -> #N/A | Q63: =IF(D63="(연결)","",VLOOKUP(D63,'72-72'!D:E,2,0)) -> #N/A | R63: =IF(D63="(연결)","",VLOOKUP(D63,'72-144'!D:E,2,0)) -> #N/A | S63: =IF(D63="(연결)","",VLOOKUP(D63,'73-12'!D:E,2,0)) -> #N/A | T63: =IF(D63="(연결)","",VLOOKUP(D63,'104-12'!D:E,2,0)) -> #N/A | U63: =IF(D63="(연결)","",VLOOKUP(D63,'105-36'!D:E,2,0)) -> #N/A | V63: =IF(D63="(연결)","",VLOOKUP(D63,'105-72'!D:E,2,0)) -> #N/A | W63: =IF(D63="(연결)","",VLOOKUP(D63,'130-72'!D:E,2,0)) -> #N/A | X63: =IF(D63="(연결)","",VLOOKUP(D63,'150-36-2'!D:E,2,0)) -> #N/A | Y63: =IF(D63="(연결)","",VLOOKUP(D63,'166-144'!D:E,2,0)) -> #N/A | Z63: =IF(D63="(연결)","",VLOOKUP(D63,'187-144-2'!D:E,2,0)) -> #N/A | AA63: =IF(D63="(연결)","",VLOOKUP(D63,'201-36'!D:E,2,0)) -> #N/A | AB63: =IF(D63="(연결)","",VLOOKUP(D63,'201-72'!D:E,2,0)) -> #N/A | AC63: =IF(D63="(연결)","",VLOOKUP(D63,'201-72-2'!D:E,2,0)) -> #N/A | AD63: =IF(D63="(연결)","",VLOOKUP(D63,'134-36'!D:E,2,0)) -> #N/A | AE63: 인천간석사옥/인천종합국사(1층)~500152871021,500152871020_부평지역단(삼성생명빌딩) [[PTN][인천국사 903_2 S-0/0/3 ~ SLI02.BUPYEONG.SU3 0/0/1] [500152871021/500159400800/500159400802_부평지역단(삼성생명빌딩)]] | AF63: N | AH63: 기타 | AI63: 기타 | AR63: 인천간석사옥/인천종합국사(1층) | AW63: 500152871021,500152871020_부평지역단(삼성생명빌딩)
A64: 5 | B64: 52 | C64: 운영중(OK) | D64: 12131736 | E64: 52 | F64: =IF(D64="(연결)","",VLOOKUP(D64,'115-144'!D:E,2,0)) -> 52 | G64: =IF(D64="(연결)","",VLOOKUP(D64,'(115-288)'!D:E,2,0)) -> 52 | H64: =IF(D64="(연결)","",VLOOKUP(D64,'44-144'!D:E,2,0)) -> #N/A | I64: =IF(D64="(연결)","",VLOOKUP(D64,'44-144-1'!D:E,2,0)) -> #N/A | J64: =IF(D64="(연결)","",VLOOKUP(D64,'44-288'!D:E,2,0)) -> #N/A | K64: =IF(D64="(연결)","",VLOOKUP(D64,'44-288-1'!D:E,2,0)) -> #N/A | L64: =IF(D64="(연결)","",VLOOKUP(D64,'(44-288)'!D:E,2,0)) -> #N/A | M64: =IF(D64="(연결)","",VLOOKUP(D64,'46-288'!D:E,2,0)) -> #N/A | N64: =IF(D64="(연결)","",VLOOKUP(D64,'46-288-1'!D:E,2,0)) -> #N/A | O64: =IF(D64="(연결)","",VLOOKUP(D64,'46-288-2'!D:E,2,0)) -> #N/A | P64: =IF(D64="(연결)","",VLOOKUP(D64,'(46-288)'!D:E,2,0)) -> #N/A | Q64: =IF(D64="(연결)","",VLOOKUP(D64,'72-72'!D:E,2,0)) -> #N/A | R64: =IF(D64="(연결)","",VLOOKUP(D64,'72-144'!D:E,2,0)) -> #N/A | S64: =IF(D64="(연결)","",VLOOKUP(D64,'73-12'!D:E,2,0)) -> #N/A | T64: =IF(D64="(연결)","",VLOOKUP(D64,'104-12'!D:E,2,0)) -> #N/A | U64: =IF(D64="(연결)","",VLOOKUP(D64,'105-36'!D:E,2,0)) -> #N/A | V64: =IF(D64="(연결)","",VLOOKUP(D64,'105-72'!D:E,2,0)) -> #N/A | W64: =IF(D64="(연결)","",VLOOKUP(D64,'130-72'!D:E,2,0)) -> #N/A | X64: =IF(D64="(연결)","",VLOOKUP(D64,'150-36-2'!D:E,2,0)) -> #N/A | Y64: =IF(D64="(연결)","",VLOOKUP(D64,'166-144'!D:E,2,0)) -> #N/A | Z64: =IF(D64="(연결)","",VLOOKUP(D64,'187-144-2'!D:E,2,0)) -> #N/A | AA64: =IF(D64="(연결)","",VLOOKUP(D64,'201-36'!D:E,2,0)) -> #N/A | AB64: =IF(D64="(연결)","",VLOOKUP(D64,'201-72'!D:E,2,0)) -> #N/A | AC64: =IF(D64="(연결)","",VLOOKUP(D64,'201-72-2'!D:E,2,0)) -> #N/A | AD64: =IF(D64="(연결)","",VLOOKUP(D64,'134-36'!D:E,2,0)) -> #N/A | AE64: 인천간석사옥/인천종합국사(1층)~500152871021,500152871020_부평지역단(삼성생명빌딩) [[PTN][인천국사 903_2 S-0/0/3 ~ SLI02.BUPYEONG.SU3 0/0/1] [500152871021/500159400800/500159400802_부평지역단(삼성생명빌딩)]] | AF64: N | AH64: 기타 | AI64: 기타 | AR64: 인천간석사옥/인천종합국사(1층) | AW64: 500152871021,500152871020_부평지역단(삼성생명빌딩)
A65: 5 | B65: 53 | C65: 운영중(OK) | D65: 9842972 | E65: 53 | F65: =IF(D65="(연결)","",VLOOKUP(D65,'115-144'!D:E,2,0)) -> #N/A | G65: =IF(D65="(연결)","",VLOOKUP(D65,'(115-288)'!D:E,2,0)) -> #N/A | H65: =IF(D65="(연결)","",VLOOKUP(D65,'44-144'!D:E,2,0)) -> #N/A | I65: =IF(D65="(연결)","",VLOOKUP(D65,'44-144-1'!D:E,2,0)) -> #N/A | J65: =IF(D65="(연결)","",VLOOKUP(D65,'44-288'!D:E,2,0)) -> 213 | K65: =IF(D65="(연결)","",VLOOKUP(D65,'44-288-1'!D:E,2,0)) -> #N/A | L65: =IF(D65="(연결)","",VLOOKUP(D65,'(44-288)'!D:E,2,0)) -> 49 | M65: =IF(D65="(연결)","",VLOOKUP(D65,'46-288'!D:E,2,0)) -> #N/A | N65: =IF(D65="(연결)","",VLOOKUP(D65,'46-288-1'!D:E,2,0)) -> #N/A | O65: =IF(D65="(연결)","",VLOOKUP(D65,'46-288-2'!D:E,2,0)) -> #N/A | P65: =IF(D65="(연결)","",VLOOKUP(D65,'(46-288)'!D:E,2,0)) -> #N/A | Q65: =IF(D65="(연결)","",VLOOKUP(D65,'72-72'!D:E,2,0)) -> #N/A | R65: =IF(D65="(연결)","",VLOOKUP(D65,'72-144'!D:E,2,0)) -> #N/A | S65: =IF(D65="(연결)","",VLOOKUP(D65,'73-12'!D:E,2,0)) -> #N/A | T65: =IF(D65="(연결)","",VLOOKUP(D65,'104-12'!D:E,2,0)) -> #N/A | U65: =IF(D65="(연결)","",VLOOKUP(D65,'105-36'!D:E,2,0)) -> #N/A | V65: =IF(D65="(연결)","",VLOOKUP(D65,'105-72'!D:E,2,0)) -> #N/A | W65: =IF(D65="(연결)","",VLOOKUP(D65,'130-72'!D:E,2,0)) -> #N/A | X65: =IF(D65="(연결)","",VLOOKUP(D65,'150-36-2'!D:E,2,0)) -> #N/A | Y65: =IF(D65="(연결)","",VLOOKUP(D65,'166-144'!D:E,2,0)) -> #N/A | Z65: =IF(D65="(연결)","",VLOOKUP(D65,'187-144-2'!D:E,2,0)) -> #N/A | AA65: =IF(D65="(연결)","",VLOOKUP(D65,'201-36'!D:E,2,0)) -> #N/A | AB65: =IF(D65="(연결)","",VLOOKUP(D65,'201-72'!D:E,2,0)) -> #N/A | AC65: =IF(D65="(연결)","",VLOOKUP(D65,'201-72-2'!D:E,2,0)) -> #N/A | AD65: =IF(D65="(연결)","",VLOOKUP(D65,'134-36'!D:E,2,0)) -> #N/A | AE65: 인천간석사옥/인천종합국사(1층)~500087838775_인천지하철2호선_모래내시장역/[중]남동구청역 지하2층 본선 [HLB_인천간석C4_3450A_남동구청_터_인천2호선(1500062735.1600209036.1500062768)] | AF65: N | AH65: 기타 | AI65: 기타 | AR65: 인천간석사옥/인천종합국사(1층) | AW65: 500087838775_인천지하철2호선_모래내시장역/[중]남동구청역 지하2층 본선
A66: 5 | B66: 54 | D66: (연결) | E66: 54 | F66: =IF(D66="(연결)","",VLOOKUP(D66,'115-144'!D:E,2,0)) | G66: =IF(D66="(연결)","",VLOOKUP(D66,'(115-288)'!D:E,2,0)) | H66: =IF(D66="(연결)","",VLOOKUP(D66,'44-144'!D:E,2,0)) | I66: =IF(D66="(연결)","",VLOOKUP(D66,'44-144-1'!D:E,2,0)) | J66: =IF(D66="(연결)","",VLOOKUP(D66,'44-288'!D:E,2,0)) | K66: =IF(D66="(연결)","",VLOOKUP(D66,'44-288-1'!D:E,2,0)) | L66: =IF(D66="(연결)","",VLOOKUP(D66,'(44-288)'!D:E,2,0)) | M66: =IF(D66="(연결)","",VLOOKUP(D66,'46-288'!D:E,2,0)) | O66: =IF(D66="(연결)","",VLOOKUP(D66,'46-288-2'!D:E,2,0)) | P66: =IF(D66="(연결)","",VLOOKUP(D66,'(46-288)'!D:E,2,0)) | Q66: =IF(D66="(연결)","",VLOOKUP(D66,'72-72'!D:E,2,0)) | R66: =IF(D66="(연결)","",VLOOKUP(D66,'72-144'!D:E,2,0)) | S66: =IF(D66="(연결)","",VLOOKUP(D66,'73-12'!D:E,2,0)) | T66: =IF(D66="(연결)","",VLOOKUP(D66,'104-12'!D:E,2,0)) | U66: =IF(D66="(연결)","",VLOOKUP(D66,'105-36'!D:E,2,0)) | V66: =IF(D66="(연결)","",VLOOKUP(D66,'105-72'!D:E,2,0)) | W66: =IF(D66="(연결)","",VLOOKUP(D66,'130-72'!D:E,2,0)) | X66: =IF(D66="(연결)","",VLOOKUP(D66,'150-36-2'!D:E,2,0)) | Y66: =IF(D66="(연결)","",VLOOKUP(D66,'166-144'!D:E,2,0)) | Z66: =IF(D66="(연결)","",VLOOKUP(D66,'187-144-2'!D:E,2,0)) | AA66: =IF(D66="(연결)","",VLOOKUP(D66,'201-36'!D:E,2,0)) | AC66: =IF(D66="(연결)","",VLOOKUP(D66,'201-72-2'!D:E,2,0)) | AD66: =IF(D66="(연결)","",VLOOKUP(D66,'134-36'!D:E,2,0)) | AE66: ~ | AF66: N
A67: 5 | B67: 55 | D67: (연결) | E67: 55 | F67: =IF(D67="(연결)","",VLOOKUP(D67,'115-144'!D:E,2,0)) | G67: =IF(D67="(연결)","",VLOOKUP(D67,'(115-288)'!D:E,2,0)) | H67: =IF(D67="(연결)","",VLOOKUP(D67,'44-144'!D:E,2,0)) | I67: =IF(D67="(연결)","",VLOOKUP(D67,'44-144-1'!D:E,2,0)) | J67: =IF(D67="(연결)","",VLOOKUP(D67,'44-288'!D:E,2,0)) | K67: =IF(D67="(연결)","",VLOOKUP(D67,'44-288-1'!D:E,2,0)) | L67: =IF(D67="(연결)","",VLOOKUP(D67,'(44-288)'!D:E,2,0)) | M67: =IF(D67="(연결)","",VLOOKUP(D67,'46-288'!D:E,2,0)) | O67: =IF(D67="(연결)","",VLOOKUP(D67,'46-288-2'!D:E,2,0)) | P67: =IF(D67="(연결)","",VLOOKUP(D67,'(46-288)'!D:E,2,0)) | Q67: =IF(D67="(연결)","",VLOOKUP(D67,'72-72'!D:E,2,0)) | R67: =IF(D67="(연결)","",VLOOKUP(D67,'72-144'!D:E,2,0)) | S67: =IF(D67="(연결)","",VLOOKUP(D67,'73-12'!D:E,2,0)) | T67: =IF(D67="(연결)","",VLOOKUP(D67,'104-12'!D:E,2,0)) | U67: =IF(D67="(연결)","",VLOOKUP(D67,'105-36'!D:E,2,0)) | V67: =IF(D67="(연결)","",VLOOKUP(D67,'105-72'!D:E,2,0)) | W67: =IF(D67="(연결)","",VLOOKUP(D67,'130-72'!D:E,2,0)) | X67: =IF(D67="(연결)","",VLOOKUP(D67,'150-36-2'!D:E,2,0)) | Y67: =IF(D67="(연결)","",VLOOKUP(D67,'166-144'!D:E,2,0)) | Z67: =IF(D67="(연결)","",VLOOKUP(D67,'187-144-2'!D:E,2,0)) | AA67: =IF(D67="(연결)","",VLOOKUP(D67,'201-36'!D:E,2,0)) | AC67: =IF(D67="(연결)","",VLOOKUP(D67,'201-72-2'!D:E,2,0)) | AD67: =IF(D67="(연결)","",VLOOKUP(D67,'134-36'!D:E,2,0)) | AE67: ~ | AF67: N
A68: 5 | B68: 56 | D68: (연결) | E68: 56 | F68: =IF(D68="(연결)","",VLOOKUP(D68,'115-144'!D:E,2,0)) | G68: =IF(D68="(연결)","",VLOOKUP(D68,'(115-288)'!D:E,2,0)) | H68: =IF(D68="(연결)","",VLOOKUP(D68,'44-144'!D:E,2,0)) | I68: =IF(D68="(연결)","",VLOOKUP(D68,'44-144-1'!D:E,2,0)) | J68: =IF(D68="(연결)","",VLOOKUP(D68,'44-288'!D:E,2,0)) | K68: =IF(D68="(연결)","",VLOOKUP(D68,'44-288-1'!D:E,2,0)) | L68: =IF(D68="(연결)","",VLOOKUP(D68,'(44-288)'!D:E,2,0)) | M68: =IF(D68="(연결)","",VLOOKUP(D68,'46-288'!D:E,2,0)) | O68: =IF(D68="(연결)","",VLOOKUP(D68,'46-288-2'!D:E,2,0)) | P68: =IF(D68="(연결)","",VLOOKUP(D68,'(46-288)'!D:E,2,0)) | Q68: =IF(D68="(연결)","",VLOOKUP(D68,'72-72'!D:E,2,0)) | R68: =IF(D68="(연결)","",VLOOKUP(D68,'72-144'!D:E,2,0)) | S68: =IF(D68="(연결)","",VLOOKUP(D68,'73-12'!D:E,2,0)) | T68: =IF(D68="(연결)","",VLOOKUP(D68,'104-12'!D:E,2,0)) | U68: =IF(D68="(연결)","",VLOOKUP(D68,'105-36'!D:E,2,0)) | V68: =IF(D68="(연결)","",VLOOKUP(D68,'105-72'!D:E,2,0)) | W68: =IF(D68="(연결)","",VLOOKUP(D68,'130-72'!D:E,2,0)) | X68: =IF(D68="(연결)","",VLOOKUP(D68,'150-36-2'!D:E,2,0)) | Y68: =IF(D68="(연결)","",VLOOKUP(D68,'166-144'!D:E,2,0)) | Z68: =IF(D68="(연결)","",VLOOKUP(D68,'187-144-2'!D:E,2,0)) | AA68: =IF(D68="(연결)","",VLOOKUP(D68,'201-36'!D:E,2,0)) | AC68: =IF(D68="(연결)","",VLOOKUP(D68,'201-72-2'!D:E,2,0)) | AD68: =IF(D68="(연결)","",VLOOKUP(D68,'134-36'!D:E,2,0)) | AE68: ~ | AF68: N
A69: 5 | B69: 57 | C69: 운영중(OK) | D69: 9842975 | E69: 57 | F69: =IF(D69="(연결)","",VLOOKUP(D69,'115-144'!D:E,2,0)) -> #N/A | G69: =IF(D69="(연결)","",VLOOKUP(D69,'(115-288)'!D:E,2,0)) -> #N/A | H69: =IF(D69="(연결)","",VLOOKUP(D69,'44-144'!D:E,2,0)) -> #N/A | I69: =IF(D69="(연결)","",VLOOKUP(D69,'44-144-1'!D:E,2,0)) -> #N/A | J69: =IF(D69="(연결)","",VLOOKUP(D69,'44-288'!D:E,2,0)) -> 214 | K69: =IF(D69="(연결)","",VLOOKUP(D69,'44-288-1'!D:E,2,0)) -> #N/A | L69: =IF(D69="(연결)","",VLOOKUP(D69,'(44-288)'!D:E,2,0)) -> 50 | M69: =IF(D69="(연결)","",VLOOKUP(D69,'46-288'!D:E,2,0)) -> #N/A | N69: =IF(D69="(연결)","",VLOOKUP(D69,'46-288-1'!D:E,2,0)) -> #N/A | O69: =IF(D69="(연결)","",VLOOKUP(D69,'46-288-2'!D:E,2,0)) -> #N/A | P69: =IF(D69="(연결)","",VLOOKUP(D69,'(46-288)'!D:E,2,0)) -> #N/A | Q69: =IF(D69="(연결)","",VLOOKUP(D69,'72-72'!D:E,2,0)) -> #N/A | R69: =IF(D69="(연결)","",VLOOKUP(D69,'72-144'!D:E,2,0)) -> #N/A | S69: =IF(D69="(연결)","",VLOOKUP(D69,'73-12'!D:E,2,0)) -> #N/A | T69: =IF(D69="(연결)","",VLOOKUP(D69,'104-12'!D:E,2,0)) -> #N/A | U69: =IF(D69="(연결)","",VLOOKUP(D69,'105-36'!D:E,2,0)) -> #N/A | V69: =IF(D69="(연결)","",VLOOKUP(D69,'105-72'!D:E,2,0)) -> #N/A | W69: =IF(D69="(연결)","",VLOOKUP(D69,'130-72'!D:E,2,0)) -> #N/A | X69: =IF(D69="(연결)","",VLOOKUP(D69,'150-36-2'!D:E,2,0)) -> #N/A | Y69: =IF(D69="(연결)","",VLOOKUP(D69,'166-144'!D:E,2,0)) -> #N/A | Z69: =IF(D69="(연결)","",VLOOKUP(D69,'187-144-2'!D:E,2,0)) -> #N/A | AA69: =IF(D69="(연결)","",VLOOKUP(D69,'201-36'!D:E,2,0)) -> #N/A | AB69: =IF(D69="(연결)","",VLOOKUP(D69,'201-72'!D:E,2,0)) -> #N/A | AC69: =IF(D69="(연결)","",VLOOKUP(D69,'201-72-2'!D:E,2,0)) -> #N/A | AD69: =IF(D69="(연결)","",VLOOKUP(D69,'134-36'!D:E,2,0)) -> #N/A | AE69: 인천간석사옥/인천종합국사(1층)~500087838775_인천지하철2호선_모래내시장역/[중]남동구청역 지하2층 본선 [HLB_인천간석C4_3440A_남동구청_터_인천2호선(1500062734.1600209035.1500062767)] | AF69: N | AH69: 기타 | AI69: 기타 | AR69: 인천간석사옥/인천종합국사(1층) | AW69: 500087838775_인천지하철2호선_모래내시장역/[중]남동구청역 지하2층 본선
A70: 5 | B70: 58 | C70: 운영중(OK) | D70: 9842978 | E70: 58 | F70: =IF(D70="(연결)","",VLOOKUP(D70,'115-144'!D:E,2,0)) -> #N/A | G70: =IF(D70="(연결)","",VLOOKUP(D70,'(115-288)'!D:E,2,0)) -> #N/A | H70: =IF(D70="(연결)","",VLOOKUP(D70,'44-144'!D:E,2,0)) -> #N/A | I70: =IF(D70="(연결)","",VLOOKUP(D70,'44-144-1'!D:E,2,0)) -> #N/A | J70: =IF(D70="(연결)","",VLOOKUP(D70,'44-288'!D:E,2,0)) -> 217 | K70: =IF(D70="(연결)","",VLOOKUP(D70,'44-288-1'!D:E,2,0)) -> #N/A | L70: =IF(D70="(연결)","",VLOOKUP(D70,'(44-288)'!D:E,2,0)) -> 51 | M70: =IF(D70="(연결)","",VLOOKUP(D70,'46-288'!D:E,2,0)) -> #N/A | N70: =IF(D70="(연결)","",VLOOKUP(D70,'46-288-1'!D:E,2,0)) -> #N/A | O70: =IF(D70="(연결)","",VLOOKUP(D70,'46-288-2'!D:E,2,0)) -> #N/A | P70: =IF(D70="(연결)","",VLOOKUP(D70,'(46-288)'!D:E,2,0)) -> #N/A | Q70: =IF(D70="(연결)","",VLOOKUP(D70,'72-72'!D:E,2,0)) -> #N/A | R70: =IF(D70="(연결)","",VLOOKUP(D70,'72-144'!D:E,2,0)) -> #N/A | S70: =IF(D70="(연결)","",VLOOKUP(D70,'73-12'!D:E,2,0)) -> #N/A | T70: =IF(D70="(연결)","",VLOOKUP(D70,'104-12'!D:E,2,0)) -> #N/A | U70: =IF(D70="(연결)","",VLOOKUP(D70,'105-36'!D:E,2,0)) -> #N/A | V70: =IF(D70="(연결)","",VLOOKUP(D70,'105-72'!D:E,2,0)) -> #N/A | W70: =IF(D70="(연결)","",VLOOKUP(D70,'130-72'!D:E,2,0)) -> #N/A | X70: =IF(D70="(연결)","",VLOOKUP(D70,'150-36-2'!D:E,2,0)) -> #N/A | Y70: =IF(D70="(연결)","",VLOOKUP(D70,'166-144'!D:E,2,0)) -> #N/A | Z70: =IF(D70="(연결)","",VLOOKUP(D70,'187-144-2'!D:E,2,0)) -> #N/A | AA70: =IF(D70="(연결)","",VLOOKUP(D70,'201-36'!D:E,2,0)) -> #N/A | AB70: =IF(D70="(연결)","",VLOOKUP(D70,'201-72'!D:E,2,0)) -> #N/A | AC70: =IF(D70="(연결)","",VLOOKUP(D70,'201-72-2'!D:E,2,0)) -> #N/A | AD70: =IF(D70="(연결)","",VLOOKUP(D70,'134-36'!D:E,2,0)) -> #N/A | AE70: 인천간석사옥/인천종합국사(1층)~500087838775_인천지하철2호선_모래내시장역/[중]남동구청역 지하2층 본선 [HLB_인천간석C0_3210A_인천시청_승_인천2호선(1500062714.1600209010.1500062747)] | AF70: N | AH70: 기타 | AI70: 기타 | AR70: 인천간석사옥/인천종합국사(1층) | AW70: 500087838775_인천지하철2호선_모래내시장역/[중]남동구청역 지하2층 본선
A71: 5 | B71: 59 | C71: (해지)운영중(OK) | D71: 12131739 | E71: 59 | F71: =IF(D71="(연결)","",VLOOKUP(D71,'115-144'!D:E,2,0)) -> 59 | G71: =IF(D71="(연결)","",VLOOKUP(D71,'(115-288)'!D:E,2,0)) -> 59 | H71: =IF(D71="(연결)","",VLOOKUP(D71,'44-144'!D:E,2,0)) -> #N/A | I71: =IF(D71="(연결)","",VLOOKUP(D71,'44-144-1'!D:E,2,0)) -> #N/A | J71: =IF(D71="(연결)","",VLOOKUP(D71,'44-288'!D:E,2,0)) -> #N/A | K71: =IF(D71="(연결)","",VLOOKUP(D71,'44-288-1'!D:E,2,0)) -> #N/A | L71: =IF(D71="(연결)","",VLOOKUP(D71,'(44-288)'!D:E,2,0)) -> #N/A | M71: =IF(D71="(연결)","",VLOOKUP(D71,'46-288'!D:E,2,0)) -> #N/A | N71: =IF(D71="(연결)","",VLOOKUP(D71,'46-288-1'!D:E,2,0)) -> #N/A | O71: =IF(D71="(연결)","",VLOOKUP(D71,'46-288-2'!D:E,2,0)) -> #N/A | P71: =IF(D71="(연결)","",VLOOKUP(D71,'(46-288)'!D:E,2,0)) -> #N/A | Q71: =IF(D71="(연결)","",VLOOKUP(D71,'72-72'!D:E,2,0)) -> #N/A | R71: =IF(D71="(연결)","",VLOOKUP(D71,'72-144'!D:E,2,0)) -> #N/A | S71: =IF(D71="(연결)","",VLOOKUP(D71,'73-12'!D:E,2,0)) -> #N/A | T71: =IF(D71="(연결)","",VLOOKUP(D71,'104-12'!D:E,2,0)) -> #N/A | U71: =IF(D71="(연결)","",VLOOKUP(D71,'105-36'!D:E,2,0)) -> #N/A | V71: =IF(D71="(연결)","",VLOOKUP(D71,'105-72'!D:E,2,0)) -> #N/A | W71: =IF(D71="(연결)","",VLOOKUP(D71,'130-72'!D:E,2,0)) -> #N/A | X71: =IF(D71="(연결)","",VLOOKUP(D71,'150-36-2'!D:E,2,0)) -> #N/A | Y71: =IF(D71="(연결)","",VLOOKUP(D71,'166-144'!D:E,2,0)) -> #N/A | Z71: =IF(D71="(연결)","",VLOOKUP(D71,'187-144-2'!D:E,2,0)) -> #N/A | AA71: =IF(D71="(연결)","",VLOOKUP(D71,'201-36'!D:E,2,0)) -> #N/A | AB71: =IF(D71="(연결)","",VLOOKUP(D71,'201-72'!D:E,2,0)) -> #N/A | AC71: =IF(D71="(연결)","",VLOOKUP(D71,'201-72-2'!D:E,2,0)) -> #N/A | AD71: =IF(D71="(연결)","",VLOOKUP(D71,'134-36'!D:E,2,0)) -> #N/A | AE71: 인천간석사옥/인천종합국사(1층)~500152871021,500152871020_부평지역단(삼성생명빌딩) [[PTN][인천국사 903_2 S-0/1/3 ~ SLI01.BUPYEONG.SU3 0/0/1] [500152871020/500159400799/500159400801_부평지역단(삼성생명빌딩)]] | AF71: N | AH71: 기타 | AI71: 기타 | AR71: 인천간석사옥/인천종합국사(1층) | AW71: 500152871021,500152871020_부평지역단(삼성생명빌딩)
A72: 5 | B72: 60 | C72: (해지)운영중(OK) | D72: 12131742 | E72: 60 | F72: =IF(D72="(연결)","",VLOOKUP(D72,'115-144'!D:E,2,0)) -> 60 | G72: =IF(D72="(연결)","",VLOOKUP(D72,'(115-288)'!D:E,2,0)) -> 60 | H72: =IF(D72="(연결)","",VLOOKUP(D72,'44-144'!D:E,2,0)) -> #N/A | I72: =IF(D72="(연결)","",VLOOKUP(D72,'44-144-1'!D:E,2,0)) -> #N/A | J72: =IF(D72="(연결)","",VLOOKUP(D72,'44-288'!D:E,2,0)) -> #N/A | K72: =IF(D72="(연결)","",VLOOKUP(D72,'44-288-1'!D:E,2,0)) -> #N/A | L72: =IF(D72="(연결)","",VLOOKUP(D72,'(44-288)'!D:E,2,0)) -> #N/A | M72: =IF(D72="(연결)","",VLOOKUP(D72,'46-288'!D:E,2,0)) -> #N/A | N72: =IF(D72="(연결)","",VLOOKUP(D72,'46-288-1'!D:E,2,0)) -> #N/A | O72: =IF(D72="(연결)","",VLOOKUP(D72,'46-288-2'!D:E,2,0)) -> #N/A | P72: =IF(D72="(연결)","",VLOOKUP(D72,'(46-288)'!D:E,2,0)) -> #N/A | Q72: =IF(D72="(연결)","",VLOOKUP(D72,'72-72'!D:E,2,0)) -> #N/A | R72: =IF(D72="(연결)","",VLOOKUP(D72,'72-144'!D:E,2,0)) -> #N/A | S72: =IF(D72="(연결)","",VLOOKUP(D72,'73-12'!D:E,2,0)) -> #N/A | T72: =IF(D72="(연결)","",VLOOKUP(D72,'104-12'!D:E,2,0)) -> #N/A | U72: =IF(D72="(연결)","",VLOOKUP(D72,'105-36'!D:E,2,0)) -> #N/A | V72: =IF(D72="(연결)","",VLOOKUP(D72,'105-72'!D:E,2,0)) -> #N/A | W72: =IF(D72="(연결)","",VLOOKUP(D72,'130-72'!D:E,2,0)) -> #N/A | X72: =IF(D72="(연결)","",VLOOKUP(D72,'150-36-2'!D:E,2,0)) -> #N/A | Y72: =IF(D72="(연결)","",VLOOKUP(D72,'166-144'!D:E,2,0)) -> #N/A | Z72: =IF(D72="(연결)","",VLOOKUP(D72,'187-144-2'!D:E,2,0)) -> #N/A | AA72: =IF(D72="(연결)","",VLOOKUP(D72,'201-36'!D:E,2,0)) -> #N/A | AB72: =IF(D72="(연결)","",VLOOKUP(D72,'201-72'!D:E,2,0)) -> #N/A | AC72: =IF(D72="(연결)","",VLOOKUP(D72,'201-72-2'!D:E,2,0)) -> #N/A | AD72: =IF(D72="(연결)","",VLOOKUP(D72,'134-36'!D:E,2,0)) -> #N/A | AE72: 인천간석사옥/인천종합국사(1층)~500152871021,500152871020_부평지역단(삼성생명빌딩) [[PTN][인천국사 903_2 S-0/1/3 ~ SLI01.BUPYEONG.SU3 0/0/1] [500152871020/500159400799/500159400801_부평지역단(삼성생명빌딩)]] | AF72: N | AH72: 기타 | AI72: 기타 | AR72: 인천간석사옥/인천종합국사(1층) | AW72: 500152871021,500152871020_부평지역단(삼성생명빌딩)
A73: Unit#6 | F73: =IF(D73="(연결)","",VLOOKUP(D73,'115-144'!D:E,2,0)) | G73: =IF(D73="(연결)","",VLOOKUP(D73,'(115-288)'!D:E,2,0)) | H73: =IF(D73="(연결)","",VLOOKUP(D73,'44-144'!D:E,2,0)) | I73: =IF(D73="(연결)","",VLOOKUP(D73,'44-144-1'!D:E,2,0)) | J73: =IF(D73="(연결)","",VLOOKUP(D73,'44-288'!D:E,2,0)) | K73: =IF(D73="(연결)","",VLOOKUP(D73,'44-288-1'!D:E,2,0)) | L73: =IF(D73="(연결)","",VLOOKUP(D73,'(44-288)'!D:E,2,0)) | M73: =IF(D73="(연결)","",VLOOKUP(D73,'46-288'!D:E,2,0)) | O73: =IF(D73="(연결)","",VLOOKUP(D73,'46-288-2'!D:E,2,0)) | P73: =IF(D73="(연결)","",VLOOKUP(D73,'(46-288)'!D:E,2,0)) | Q73: =IF(D73="(연결)","",VLOOKUP(D73,'72-72'!D:E,2,0)) | R73: =IF(D73="(연결)","",VLOOKUP(D73,'72-144'!D:E,2,0)) | S73: =IF(D73="(연결)","",VLOOKUP(D73,'73-12'!D:E,2,0)) | T73: =IF(D73="(연결)","",VLOOKUP(D73,'104-12'!D:E,2,0)) | U73: =IF(D73="(연결)","",VLOOKUP(D73,'105-36'!D:E,2,0)) | V73: =IF(D73="(연결)","",VLOOKUP(D73,'105-72'!D:E,2,0)) | W73: =IF(D73="(연결)","",VLOOKUP(D73,'130-72'!D:E,2,0)) | X73: =IF(D73="(연결)","",VLOOKUP(D73,'150-36-2'!D:E,2,0)) | Y73: =IF(D73="(연결)","",VLOOKUP(D73,'166-144'!D:E,2,0)) | Z73: =IF(D73="(연결)","",VLOOKUP(D73,'187-144-2'!D:E,2,0)) | AA73: =IF(D73="(연결)","",VLOOKUP(D73,'201-36'!D:E,2,0)) | AC73: =IF(D73="(연결)","",VLOOKUP(D73,'201-72-2'!D:E,2,0)) | AD73: =IF(D73="(연결)","",VLOOKUP(D73,'134-36'!D:E,2,0))
A74: 6 | B74: 61 | D74: (연결) | E74: 61 | F74: =IF(D74="(연결)","",VLOOKUP(D74,'115-144'!D:E,2,0)) | G74: =IF(D74="(연결)","",VLOOKUP(D74,'(115-288)'!D:E,2,0)) | H74: =IF(D74="(연결)","",VLOOKUP(D74,'44-144'!D:E,2,0)) | I74: =IF(D74="(연결)","",VLOOKUP(D74,'44-144-1'!D:E,2,0)) | J74: =IF(D74="(연결)","",VLOOKUP(D74,'44-288'!D:E,2,0)) | K74: =IF(D74="(연결)","",VLOOKUP(D74,'44-288-1'!D:E,2,0)) | L74: =IF(D74="(연결)","",VLOOKUP(D74,'(44-288)'!D:E,2,0)) | M74: =IF(D74="(연결)","",VLOOKUP(D74,'46-288'!D:E,2,0)) | O74: =IF(D74="(연결)","",VLOOKUP(D74,'46-288-2'!D:E,2,0)) | P74: =IF(D74="(연결)","",VLOOKUP(D74,'(46-288)'!D:E,2,0)) | Q74: =IF(D74="(연결)","",VLOOKUP(D74,'72-72'!D:E,2,0)) | R74: =IF(D74="(연결)","",VLOOKUP(D74,'72-144'!D:E,2,0)) | S74: =IF(D74="(연결)","",VLOOKUP(D74,'73-12'!D:E,2,0)) | T74: =IF(D74="(연결)","",VLOOKUP(D74,'104-12'!D:E,2,0)) | U74: =IF(D74="(연결)","",VLOOKUP(D74,'105-36'!D:E,2,0)) | V74: =IF(D74="(연결)","",VLOOKUP(D74,'105-72'!D:E,2,0)) | W74: =IF(D74="(연결)","",VLOOKUP(D74,'130-72'!D:E,2,0)) | X74: =IF(D74="(연결)","",VLOOKUP(D74,'150-36-2'!D:E,2,0)) | Y74: =IF(D74="(연결)","",VLOOKUP(D74,'166-144'!D:E,2,0)) | Z74: =IF(D74="(연결)","",VLOOKUP(D74,'187-144-2'!D:E,2,0)) | AA74: =IF(D74="(연결)","",VLOOKUP(D74,'201-36'!D:E,2,0)) | AC74: =IF(D74="(연결)","",VLOOKUP(D74,'201-72-2'!D:E,2,0)) | AD74: =IF(D74="(연결)","",VLOOKUP(D74,'134-36'!D:E,2,0)) | AE74: ~ | AF74: N | AP74: 인천_EG_장곡 | AQ74: 140672618
A75: 6 | B75: 62 | D75: (연결) | E75: 62 | F75: =IF(D75="(연결)","",VLOOKUP(D75,'115-144'!D:E,2,0)) | G75: =IF(D75="(연결)","",VLOOKUP(D75,'(115-288)'!D:E,2,0)) | H75: =IF(D75="(연결)","",VLOOKUP(D75,'44-144'!D:E,2,0)) | I75: =IF(D75="(연결)","",VLOOKUP(D75,'44-144-1'!D:E,2,0)) | J75: =IF(D75="(연결)","",VLOOKUP(D75,'44-288'!D:E,2,0)) | K75: =IF(D75="(연결)","",VLOOKUP(D75,'44-288-1'!D:E,2,0)) | L75: =IF(D75="(연결)","",VLOOKUP(D75,'(44-288)'!D:E,2,0)) | M75: =IF(D75="(연결)","",VLOOKUP(D75,'46-288'!D:E,2,0)) | O75: =IF(D75="(연결)","",VLOOKUP(D75,'46-288-2'!D:E,2,0)) | P75: =IF(D75="(연결)","",VLOOKUP(D75,'(46-288)'!D:E,2,0)) | Q75: =IF(D75="(연결)","",VLOOKUP(D75,'72-72'!D:E,2,0)) | R75: =IF(D75="(연결)","",VLOOKUP(D75,'72-144'!D:E,2,0)) | S75: =IF(D75="(연결)","",VLOOKUP(D75,'73-12'!D:E,2,0)) | T75: =IF(D75="(연결)","",VLOOKUP(D75,'104-12'!D:E,2,0)) | U75: =IF(D75="(연결)","",VLOOKUP(D75,'105-36'!D:E,2,0)) | V75: =IF(D75="(연결)","",VLOOKUP(D75,'105-72'!D:E,2,0)) | W75: =IF(D75="(연결)","",VLOOKUP(D75,'130-72'!D:E,2,0)) | X75: =IF(D75="(연결)","",VLOOKUP(D75,'150-36-2'!D:E,2,0)) | Y75: =IF(D75="(연결)","",VLOOKUP(D75,'166-144'!D:E,2,0)) | Z75: =IF(D75="(연결)","",VLOOKUP(D75,'187-144-2'!D:E,2,0)) | AA75: =IF(D75="(연결)","",VLOOKUP(D75,'201-36'!D:E,2,0)) | AC75: =IF(D75="(연결)","",VLOOKUP(D75,'201-72-2'!D:E,2,0)) | AD75: =IF(D75="(연결)","",VLOOKUP(D75,'134-36'!D:E,2,0)) | AE75: ~ | AF75: N | AP75: 인천_EG_장곡 | AQ75: 140672618
A76: 6 | B76: 63 | D76: (연결) | E76: 63 | F76: =IF(D76="(연결)","",VLOOKUP(D76,'115-144'!D:E,2,0)) | G76: =IF(D76="(연결)","",VLOOKUP(D76,'(115-288)'!D:E,2,0)) | H76: =IF(D76="(연결)","",VLOOKUP(D76,'44-144'!D:E,2,0)) | I76: =IF(D76="(연결)","",VLOOKUP(D76,'44-144-1'!D:E,2,0)) | J76: =IF(D76="(연결)","",VLOOKUP(D76,'44-288'!D:E,2,0)) | K76: =IF(D76="(연결)","",VLOOKUP(D76,'44-288-1'!D:E,2,0)) | L76: =IF(D76="(연결)","",VLOOKUP(D76,'(44-288)'!D:E,2,0)) | M76: =IF(D76="(연결)","",VLOOKUP(D76,'46-288'!D:E,2,0)) | O76: =IF(D76="(연결)","",VLOOKUP(D76,'46-288-2'!D:E,2,0)) | P76: =IF(D76="(연결)","",VLOOKUP(D76,'(46-288)'!D:E,2,0)) | Q76: =IF(D76="(연결)","",VLOOKUP(D76,'72-72'!D:E,2,0)) | R76: =IF(D76="(연결)","",VLOOKUP(D76,'72-144'!D:E,2,0)) | S76: =IF(D76="(연결)","",VLOOKUP(D76,'73-12'!D:E,2,0)) | T76: =IF(D76="(연결)","",VLOOKUP(D76,'104-12'!D:E,2,0)) | U76: =IF(D76="(연결)","",VLOOKUP(D76,'105-36'!D:E,2,0)) | V76: =IF(D76="(연결)","",VLOOKUP(D76,'105-72'!D:E,2,0)) | W76: =IF(D76="(연결)","",VLOOKUP(D76,'130-72'!D:E,2,0)) | X76: =IF(D76="(연결)","",VLOOKUP(D76,'150-36-2'!D:E,2,0)) | Y76: =IF(D76="(연결)","",VLOOKUP(D76,'166-144'!D:E,2,0)) | Z76: =IF(D76="(연결)","",VLOOKUP(D76,'187-144-2'!D:E,2,0)) | AA76: =IF(D76="(연결)","",VLOOKUP(D76,'201-36'!D:E,2,0)) | AC76: =IF(D76="(연결)","",VLOOKUP(D76,'201-72-2'!D:E,2,0)) | AD76: =IF(D76="(연결)","",VLOOKUP(D76,'134-36'!D:E,2,0)) | AE76: ~ | AF76: N | AP76: [UT-7400]인천종합국사2층-LGCNS2층_Nikko동제련 | AQ76: 140697033
A77: 6 | B77: 64 | D77: (연결) | E77: 64 | F77: =IF(D77="(연결)","",VLOOKUP(D77,'115-144'!D:E,2,0)) | G77: =IF(D77="(연결)","",VLOOKUP(D77,'(115-288)'!D:E,2,0)) | H77: =IF(D77="(연결)","",VLOOKUP(D77,'44-144'!D:E,2,0)) | I77: =IF(D77="(연결)","",VLOOKUP(D77,'44-144-1'!D:E,2,0)) | J77: =IF(D77="(연결)","",VLOOKUP(D77,'44-288'!D:E,2,0)) | K77: =IF(D77="(연결)","",VLOOKUP(D77,'44-288-1'!D:E,2,0)) | L77: =IF(D77="(연결)","",VLOOKUP(D77,'(44-288)'!D:E,2,0)) | M77: =IF(D77="(연결)","",VLOOKUP(D77,'46-288'!D:E,2,0)) | O77: =IF(D77="(연결)","",VLOOKUP(D77,'46-288-2'!D:E,2,0)) | P77: =IF(D77="(연결)","",VLOOKUP(D77,'(46-288)'!D:E,2,0)) | Q77: =IF(D77="(연결)","",VLOOKUP(D77,'72-72'!D:E,2,0)) | R77: =IF(D77="(연결)","",VLOOKUP(D77,'72-144'!D:E,2,0)) | S77: =IF(D77="(연결)","",VLOOKUP(D77,'73-12'!D:E,2,0)) | T77: =IF(D77="(연결)","",VLOOKUP(D77,'104-12'!D:E,2,0)) | U77: =IF(D77="(연결)","",VLOOKUP(D77,'105-36'!D:E,2,0)) | V77: =IF(D77="(연결)","",VLOOKUP(D77,'105-72'!D:E,2,0)) | W77: =IF(D77="(연결)","",VLOOKUP(D77,'130-72'!D:E,2,0)) | X77: =IF(D77="(연결)","",VLOOKUP(D77,'150-36-2'!D:E,2,0)) | Y77: =IF(D77="(연결)","",VLOOKUP(D77,'166-144'!D:E,2,0)) | Z77: =IF(D77="(연결)","",VLOOKUP(D77,'187-144-2'!D:E,2,0)) | AA77: =IF(D77="(연결)","",VLOOKUP(D77,'201-36'!D:E,2,0)) | AC77: =IF(D77="(연결)","",VLOOKUP(D77,'201-72-2'!D:E,2,0)) | AD77: =IF(D77="(연결)","",VLOOKUP(D77,'134-36'!D:E,2,0)) | AE77: ~ | AF77: N | AP77: [UT-7400]인천종합국사2층-LGCNS2층_Nikko동제련 | AQ77: 140697033
A78: 6 | B78: 65 | C78: (해지)운영중(OK) | D78: 707401 | E78: 65 | F78: =IF(D78="(연결)","",VLOOKUP(D78,'115-144'!D:E,2,0)) -> 65 | G78: =IF(D78="(연결)","",VLOOKUP(D78,'(115-288)'!D:E,2,0)) -> 65 | H78: =IF(D78="(연결)","",VLOOKUP(D78,'44-144'!D:E,2,0)) -> #N/A | I78: =IF(D78="(연결)","",VLOOKUP(D78,'44-144-1'!D:E,2,0)) -> #N/A | J78: =IF(D78="(연결)","",VLOOKUP(D78,'44-288'!D:E,2,0)) -> #N/A | K78: =IF(D78="(연결)","",VLOOKUP(D78,'44-288-1'!D:E,2,0)) -> #N/A | L78: =IF(D78="(연결)","",VLOOKUP(D78,'(44-288)'!D:E,2,0)) -> #N/A | M78: =IF(D78="(연결)","",VLOOKUP(D78,'46-288'!D:E,2,0)) -> #N/A | N78: =IF(D78="(연결)","",VLOOKUP(D78,'46-288-1'!D:E,2,0)) -> #N/A | O78: =IF(D78="(연결)","",VLOOKUP(D78,'46-288-2'!D:E,2,0)) -> #N/A | P78: =IF(D78="(연결)","",VLOOKUP(D78,'(46-288)'!D:E,2,0)) -> #N/A | Q78: =IF(D78="(연결)","",VLOOKUP(D78,'72-72'!D:E,2,0)) -> #N/A | R78: =IF(D78="(연결)","",VLOOKUP(D78,'72-144'!D:E,2,0)) -> #N/A | S78: =IF(D78="(연결)","",VLOOKUP(D78,'73-12'!D:E,2,0)) -> #N/A | T78: =IF(D78="(연결)","",VLOOKUP(D78,'104-12'!D:E,2,0)) -> #N/A | U78: =IF(D78="(연결)","",VLOOKUP(D78,'105-36'!D:E,2,0)) -> #N/A | V78: =IF(D78="(연결)","",VLOOKUP(D78,'105-72'!D:E,2,0)) -> #N/A | W78: =IF(D78="(연결)","",VLOOKUP(D78,'130-72'!D:E,2,0)) -> #N/A | X78: =IF(D78="(연결)","",VLOOKUP(D78,'150-36-2'!D:E,2,0)) -> #N/A | Y78: =IF(D78="(연결)","",VLOOKUP(D78,'166-144'!D:E,2,0)) -> #N/A | Z78: =IF(D78="(연결)","",VLOOKUP(D78,'187-144-2'!D:E,2,0)) -> #N/A | AA78: =IF(D78="(연결)","",VLOOKUP(D78,'201-36'!D:E,2,0)) -> #N/A | AB78: =IF(D78="(연결)","",VLOOKUP(D78,'201-72'!D:E,2,0)) -> #N/A | AC78: =IF(D78="(연결)","",VLOOKUP(D78,'201-72-2'!D:E,2,0)) -> #N/A | AD78: =IF(D78="(연결)","",VLOOKUP(D78,'134-36'!D:E,2,0)) -> #N/A | AE78: 인천간석사옥/인천종합국사(1층)~인천부평국사(뱅크)[INBP] [UTRANS#1(신인천통합-인천부평국사)] | AF78: N | AH78: 내부회선 | AI78: 기타 | AJ78: 10016915 | AP78: UTRANS#1(인천종합국사-인천부평국사)#1 1A_P4 | AQ78: 10001900 | AR78: 인천간석사옥/인천종합국사(1층) | AW78: 인천부평국사(뱅크)[INBP]
A79: 6 | B79: 66 | C79: (해지)운영중(OK) | D79: 707408 | E79: 66 | F79: =IF(D79="(연결)","",VLOOKUP(D79,'115-144'!D:E,2,0)) -> 66 | G79: =IF(D79="(연결)","",VLOOKUP(D79,'(115-288)'!D:E,2,0)) -> 66 | H79: =IF(D79="(연결)","",VLOOKUP(D79,'44-144'!D:E,2,0)) -> #N/A | I79: =IF(D79="(연결)","",VLOOKUP(D79,'44-144-1'!D:E,2,0)) -> #N/A | J79: =IF(D79="(연결)","",VLOOKUP(D79,'44-288'!D:E,2,0)) -> #N/A | K79: =IF(D79="(연결)","",VLOOKUP(D79,'44-288-1'!D:E,2,0)) -> #N/A | L79: =IF(D79="(연결)","",VLOOKUP(D79,'(44-288)'!D:E,2,0)) -> #N/A | M79: =IF(D79="(연결)","",VLOOKUP(D79,'46-288'!D:E,2,0)) -> #N/A | N79: =IF(D79="(연결)","",VLOOKUP(D79,'46-288-1'!D:E,2,0)) -> #N/A | O79: =IF(D79="(연결)","",VLOOKUP(D79,'46-288-2'!D:E,2,0)) -> #N/A | P79: =IF(D79="(연결)","",VLOOKUP(D79,'(46-288)'!D:E,2,0)) -> #N/A | Q79: =IF(D79="(연결)","",VLOOKUP(D79,'72-72'!D:E,2,0)) -> #N/A | R79: =IF(D79="(연결)","",VLOOKUP(D79,'72-144'!D:E,2,0)) -> #N/A | S79: =IF(D79="(연결)","",VLOOKUP(D79,'73-12'!D:E,2,0)) -> #N/A | T79: =IF(D79="(연결)","",VLOOKUP(D79,'104-12'!D:E,2,0)) -> #N/A | U79: =IF(D79="(연결)","",VLOOKUP(D79,'105-36'!D:E,2,0)) -> #N/A | V79: =IF(D79="(연결)","",VLOOKUP(D79,'105-72'!D:E,2,0)) -> #N/A | W79: =IF(D79="(연결)","",VLOOKUP(D79,'130-72'!D:E,2,0)) -> #N/A | X79: =IF(D79="(연결)","",VLOOKUP(D79,'150-36-2'!D:E,2,0)) -> #N/A | Y79: =IF(D79="(연결)","",VLOOKUP(D79,'166-144'!D:E,2,0)) -> #N/A | Z79: =IF(D79="(연결)","",VLOOKUP(D79,'187-144-2'!D:E,2,0)) -> #N/A | AA79: =IF(D79="(연결)","",VLOOKUP(D79,'201-36'!D:E,2,0)) -> #N/A | AB79: =IF(D79="(연결)","",VLOOKUP(D79,'201-72'!D:E,2,0)) -> #N/A | AC79: =IF(D79="(연결)","",VLOOKUP(D79,'201-72-2'!D:E,2,0)) -> #N/A | AD79: =IF(D79="(연결)","",VLOOKUP(D79,'134-36'!D:E,2,0)) -> #N/A | AE79: 인천간석사옥/인천종합국사(1층)~인천부평국사(뱅크)[INBP] [UTRANS#1(신인천통합-인천부평국사)] | AF79: N | AH79: 내부회선 | AI79: 기타 | AJ79: 10016915 | AP79: UTRANS#1(인천종합국사-인천부평국사)#1 1A_P4 | AQ79: 10001900 | AR79: 인천간석사옥/인천종합국사(1층) | AW79: 인천부평국사(뱅크)[INBP]
A80: 6 | B80: 67 | D80: (연결) | E80: 67 | F80: =IF(D80="(연결)","",VLOOKUP(D80,'115-144'!D:E,2,0)) | G80: =IF(D80="(연결)","",VLOOKUP(D80,'(115-288)'!D:E,2,0)) | H80: =IF(D80="(연결)","",VLOOKUP(D80,'44-144'!D:E,2,0)) | I80: =IF(D80="(연결)","",VLOOKUP(D80,'44-144-1'!D:E,2,0)) | J80: =IF(D80="(연결)","",VLOOKUP(D80,'44-288'!D:E,2,0)) | K80: =IF(D80="(연결)","",VLOOKUP(D80,'44-288-1'!D:E,2,0)) | L80: =IF(D80="(연결)","",VLOOKUP(D80,'(44-288)'!D:E,2,0)) | M80: =IF(D80="(연결)","",VLOOKUP(D80,'46-288'!D:E,2,0)) | O80: =IF(D80="(연결)","",VLOOKUP(D80,'46-288-2'!D:E,2,0)) | P80: =IF(D80="(연결)","",VLOOKUP(D80,'(46-288)'!D:E,2,0)) | Q80: =IF(D80="(연결)","",VLOOKUP(D80,'72-72'!D:E,2,0)) | R80: =IF(D80="(연결)","",VLOOKUP(D80,'72-144'!D:E,2,0)) | S80: =IF(D80="(연결)","",VLOOKUP(D80,'73-12'!D:E,2,0)) | T80: =IF(D80="(연결)","",VLOOKUP(D80,'104-12'!D:E,2,0)) | U80: =IF(D80="(연결)","",VLOOKUP(D80,'105-36'!D:E,2,0)) | V80: =IF(D80="(연결)","",VLOOKUP(D80,'105-72'!D:E,2,0)) | W80: =IF(D80="(연결)","",VLOOKUP(D80,'130-72'!D:E,2,0)) | X80: =IF(D80="(연결)","",VLOOKUP(D80,'150-36-2'!D:E,2,0)) | Y80: =IF(D80="(연결)","",VLOOKUP(D80,'166-144'!D:E,2,0)) | Z80: =IF(D80="(연결)","",VLOOKUP(D80,'187-144-2'!D:E,2,0)) | AA80: =IF(D80="(연결)","",VLOOKUP(D80,'201-36'!D:E,2,0)) | AC80: =IF(D80="(연결)","",VLOOKUP(D80,'201-72-2'!D:E,2,0)) | AD80: =IF(D80="(연결)","",VLOOKUP(D80,'134-36'!D:E,2,0)) | AE80: 8820C421[8820C415 사각H]~인천간석사옥/인천종합국사(1층) | AF80: N
A81: 6 | B81: 68 | D81: (연결) | E81: 68 | F81: =IF(D81="(연결)","",VLOOKUP(D81,'115-144'!D:E,2,0)) | G81: =IF(D81="(연결)","",VLOOKUP(D81,'(115-288)'!D:E,2,0)) | H81: =IF(D81="(연결)","",VLOOKUP(D81,'44-144'!D:E,2,0)) | I81: =IF(D81="(연결)","",VLOOKUP(D81,'44-144-1'!D:E,2,0)) | J81: =IF(D81="(연결)","",VLOOKUP(D81,'44-288'!D:E,2,0)) | K81: =IF(D81="(연결)","",VLOOKUP(D81,'44-288-1'!D:E,2,0)) | L81: =IF(D81="(연결)","",VLOOKUP(D81,'(44-288)'!D:E,2,0)) | M81: =IF(D81="(연결)","",VLOOKUP(D81,'46-288'!D:E,2,0)) | O81: =IF(D81="(연결)","",VLOOKUP(D81,'46-288-2'!D:E,2,0)) | P81: =IF(D81="(연결)","",VLOOKUP(D81,'(46-288)'!D:E,2,0)) | Q81: =IF(D81="(연결)","",VLOOKUP(D81,'72-72'!D:E,2,0)) | R81: =IF(D81="(연결)","",VLOOKUP(D81,'72-144'!D:E,2,0)) | S81: =IF(D81="(연결)","",VLOOKUP(D81,'73-12'!D:E,2,0)) | T81: =IF(D81="(연결)","",VLOOKUP(D81,'104-12'!D:E,2,0)) | U81: =IF(D81="(연결)","",VLOOKUP(D81,'105-36'!D:E,2,0)) | V81: =IF(D81="(연결)","",VLOOKUP(D81,'105-72'!D:E,2,0)) | W81: =IF(D81="(연결)","",VLOOKUP(D81,'130-72'!D:E,2,0)) | X81: =IF(D81="(연결)","",VLOOKUP(D81,'150-36-2'!D:E,2,0)) | Y81: =IF(D81="(연결)","",VLOOKUP(D81,'166-144'!D:E,2,0)) | Z81: =IF(D81="(연결)","",VLOOKUP(D81,'187-144-2'!D:E,2,0)) | AA81: =IF(D81="(연결)","",VLOOKUP(D81,'201-36'!D:E,2,0)) | AC81: =IF(D81="(연결)","",VLOOKUP(D81,'201-72-2'!D:E,2,0)) | AD81: =IF(D81="(연결)","",VLOOKUP(D81,'134-36'!D:E,2,0)) | AE81: 인천간석사옥/인천종합국사(1층)~8820P291[8720P291] | AF81: N
A82: 6 | B82: 69 | C82: (해지)운영중(OK) | D82: 6251883 | E82: 69 | F82: =IF(D82="(연결)","",VLOOKUP(D82,'115-144'!D:E,2,0)) -> 69 | G82: =IF(D82="(연결)","",VLOOKUP(D82,'(115-288)'!D:E,2,0)) -> 69 | H82: =IF(D82="(연결)","",VLOOKUP(D82,'44-144'!D:E,2,0)) -> #N/A | I82: =IF(D82="(연결)","",VLOOKUP(D82,'44-144-1'!D:E,2,0)) -> #N/A | J82: =IF(D82="(연결)","",VLOOKUP(D82,'44-288'!D:E,2,0)) -> #N/A | K82: =IF(D82="(연결)","",VLOOKUP(D82,'44-288-1'!D:E,2,0)) -> #N/A | L82: =IF(D82="(연결)","",VLOOKUP(D82,'(44-288)'!D:E,2,0)) -> #N/A | M82: =IF(D82="(연결)","",VLOOKUP(D82,'46-288'!D:E,2,0)) -> #N/A | N82: =IF(D82="(연결)","",VLOOKUP(D82,'46-288-1'!D:E,2,0)) -> #N/A | O82: =IF(D82="(연결)","",VLOOKUP(D82,'46-288-2'!D:E,2,0)) -> #N/A | P82: =IF(D82="(연결)","",VLOOKUP(D82,'(46-288)'!D:E,2,0)) -> #N/A | Q82: =IF(D82="(연결)","",VLOOKUP(D82,'72-72'!D:E,2,0)) -> #N/A | R82: =IF(D82="(연결)","",VLOOKUP(D82,'72-144'!D:E,2,0)) -> #N/A | S82: =IF(D82="(연결)","",VLOOKUP(D82,'73-12'!D:E,2,0)) -> #N/A | T82: =IF(D82="(연결)","",VLOOKUP(D82,'104-12'!D:E,2,0)) -> #N/A | U82: =IF(D82="(연결)","",VLOOKUP(D82,'105-36'!D:E,2,0)) -> #N/A | V82: =IF(D82="(연결)","",VLOOKUP(D82,'105-72'!D:E,2,0)) -> #N/A | W82: =IF(D82="(연결)","",VLOOKUP(D82,'130-72'!D:E,2,0)) -> #N/A | X82: =IF(D82="(연결)","",VLOOKUP(D82,'150-36-2'!D:E,2,0)) -> #N/A | Y82: =IF(D82="(연결)","",VLOOKUP(D82,'166-144'!D:E,2,0)) -> #N/A | Z82: =IF(D82="(연결)","",VLOOKUP(D82,'187-144-2'!D:E,2,0)) -> #N/A | AA82: =IF(D82="(연결)","",VLOOKUP(D82,'201-36'!D:E,2,0)) -> #N/A | AB82: =IF(D82="(연결)","",VLOOKUP(D82,'201-72'!D:E,2,0)) -> #N/A | AC82: =IF(D82="(연결)","",VLOOKUP(D82,'201-72-2'!D:E,2,0)) -> #N/A | AD82: =IF(D82="(연결)","",VLOOKUP(D82,'134-36'!D:E,2,0)) -> #N/A | AE82: 인천간석사옥/인천종합국사(1층)~인천산곡국사 [AMSP#1_INTF 5A_P2 OTU-B] | AF82: N | AH82: 기타 | AI82: 기타 | AR82: 인천간석사옥/인천종합국사(1층) | AW82: 인천산곡국사
A83: 6 | B83: 70 | C83: (해지)운영중(OK) | D83: 6251885 | E83: 70 | F83: =IF(D83="(연결)","",VLOOKUP(D83,'115-144'!D:E,2,0)) -> 70 | G83: =IF(D83="(연결)","",VLOOKUP(D83,'(115-288)'!D:E,2,0)) -> 70 | H83: =IF(D83="(연결)","",VLOOKUP(D83,'44-144'!D:E,2,0)) -> #N/A | I83: =IF(D83="(연결)","",VLOOKUP(D83,'44-144-1'!D:E,2,0)) -> #N/A | J83: =IF(D83="(연결)","",VLOOKUP(D83,'44-288'!D:E,2,0)) -> #N/A | K83: =IF(D83="(연결)","",VLOOKUP(D83,'44-288-1'!D:E,2,0)) -> #N/A | L83: =IF(D83="(연결)","",VLOOKUP(D83,'(44-288)'!D:E,2,0)) -> #N/A | M83: =IF(D83="(연결)","",VLOOKUP(D83,'46-288'!D:E,2,0)) -> #N/A | N83: =IF(D83="(연결)","",VLOOKUP(D83,'46-288-1'!D:E,2,0)) -> #N/A | O83: =IF(D83="(연결)","",VLOOKUP(D83,'46-288-2'!D:E,2,0)) -> #N/A | P83: =IF(D83="(연결)","",VLOOKUP(D83,'(46-288)'!D:E,2,0)) -> #N/A | Q83: =IF(D83="(연결)","",VLOOKUP(D83,'72-72'!D:E,2,0)) -> #N/A | R83: =IF(D83="(연결)","",VLOOKUP(D83,'72-144'!D:E,2,0)) -> #N/A | S83: =IF(D83="(연결)","",VLOOKUP(D83,'73-12'!D:E,2,0)) -> #N/A | T83: =IF(D83="(연결)","",VLOOKUP(D83,'104-12'!D:E,2,0)) -> #N/A | U83: =IF(D83="(연결)","",VLOOKUP(D83,'105-36'!D:E,2,0)) -> #N/A | V83: =IF(D83="(연결)","",VLOOKUP(D83,'105-72'!D:E,2,0)) -> #N/A | W83: =IF(D83="(연결)","",VLOOKUP(D83,'130-72'!D:E,2,0)) -> #N/A | X83: =IF(D83="(연결)","",VLOOKUP(D83,'150-36-2'!D:E,2,0)) -> #N/A | Y83: =IF(D83="(연결)","",VLOOKUP(D83,'166-144'!D:E,2,0)) -> #N/A | Z83: =IF(D83="(연결)","",VLOOKUP(D83,'187-144-2'!D:E,2,0)) -> #N/A | AA83: =IF(D83="(연결)","",VLOOKUP(D83,'201-36'!D:E,2,0)) -> #N/A | AB83: =IF(D83="(연결)","",VLOOKUP(D83,'201-72'!D:E,2,0)) -> #N/A | AC83: =IF(D83="(연결)","",VLOOKUP(D83,'201-72-2'!D:E,2,0)) -> #N/A | AD83: =IF(D83="(연결)","",VLOOKUP(D83,'134-36'!D:E,2,0)) -> #N/A | AE83: 인천간석사옥/인천종합국사(1층)~인천산곡국사 [AMSP#1_INTF 5A_P2 OTU-B] | AF83: N | AH83: 기타 | AI83: 기타 | AR83: 인천간석사옥/인천종합국사(1층) | AW83: 인천산곡국사
A84: 6 | B84: 71 | C84: (해지)운영중(OK) | D84: 6251891 | E84: 71 | F84: =IF(D84="(연결)","",VLOOKUP(D84,'115-144'!D:E,2,0)) -> 71 | G84: =IF(D84="(연결)","",VLOOKUP(D84,'(115-288)'!D:E,2,0)) -> 71 | H84: =IF(D84="(연결)","",VLOOKUP(D84,'44-144'!D:E,2,0)) -> #N/A | I84: =IF(D84="(연결)","",VLOOKUP(D84,'44-144-1'!D:E,2,0)) -> #N/A | J84: =IF(D84="(연결)","",VLOOKUP(D84,'44-288'!D:E,2,0)) -> #N/A | K84: =IF(D84="(연결)","",VLOOKUP(D84,'44-288-1'!D:E,2,0)) -> #N/A | L84: =IF(D84="(연결)","",VLOOKUP(D84,'(44-288)'!D:E,2,0)) -> #N/A | M84: =IF(D84="(연결)","",VLOOKUP(D84,'46-288'!D:E,2,0)) -> #N/A | N84: =IF(D84="(연결)","",VLOOKUP(D84,'46-288-1'!D:E,2,0)) -> #N/A | O84: =IF(D84="(연결)","",VLOOKUP(D84,'46-288-2'!D:E,2,0)) -> #N/A | P84: =IF(D84="(연결)","",VLOOKUP(D84,'(46-288)'!D:E,2,0)) -> #N/A | Q84: =IF(D84="(연결)","",VLOOKUP(D84,'72-72'!D:E,2,0)) -> #N/A | R84: =IF(D84="(연결)","",VLOOKUP(D84,'72-144'!D:E,2,0)) -> #N/A | S84: =IF(D84="(연결)","",VLOOKUP(D84,'73-12'!D:E,2,0)) -> #N/A | T84: =IF(D84="(연결)","",VLOOKUP(D84,'104-12'!D:E,2,0)) -> #N/A | U84: =IF(D84="(연결)","",VLOOKUP(D84,'105-36'!D:E,2,0)) -> #N/A | V84: =IF(D84="(연결)","",VLOOKUP(D84,'105-72'!D:E,2,0)) -> #N/A | W84: =IF(D84="(연결)","",VLOOKUP(D84,'130-72'!D:E,2,0)) -> #N/A | X84: =IF(D84="(연결)","",VLOOKUP(D84,'150-36-2'!D:E,2,0)) -> #N/A | Y84: =IF(D84="(연결)","",VLOOKUP(D84,'166-144'!D:E,2,0)) -> #N/A | Z84: =IF(D84="(연결)","",VLOOKUP(D84,'187-144-2'!D:E,2,0)) -> #N/A | AA84: =IF(D84="(연결)","",VLOOKUP(D84,'201-36'!D:E,2,0)) -> #N/A | AB84: =IF(D84="(연결)","",VLOOKUP(D84,'201-72'!D:E,2,0)) -> #N/A | AC84: =IF(D84="(연결)","",VLOOKUP(D84,'201-72-2'!D:E,2,0)) -> #N/A | AD84: =IF(D84="(연결)","",VLOOKUP(D84,'134-36'!D:E,2,0)) -> #N/A | AE84: 인천간석사옥/인천종합국사(1층)~인천부평국사(뱅크)[INBP] [AMSP#2_INTF 5A_P3 OTU-B] | AF84: N | AH84: 기타 | AI84: 기타 | AR84: 인천간석사옥/인천종합국사(1층) | AW84: 인천부평국사(뱅크)[INBP]
A85: 6 | B85: 72 | C85: (해지)운영중(OK) | D85: 6251892 | E85: 72 | F85: =IF(D85="(연결)","",VLOOKUP(D85,'115-144'!D:E,2,0)) -> 72 | G85: =IF(D85="(연결)","",VLOOKUP(D85,'(115-288)'!D:E,2,0)) -> 72 | H85: =IF(D85="(연결)","",VLOOKUP(D85,'44-144'!D:E,2,0)) -> #N/A | I85: =IF(D85="(연결)","",VLOOKUP(D85,'44-144-1'!D:E,2,0)) -> #N/A | J85: =IF(D85="(연결)","",VLOOKUP(D85,'44-288'!D:E,2,0)) -> #N/A | K85: =IF(D85="(연결)","",VLOOKUP(D85,'44-288-1'!D:E,2,0)) -> #N/A | L85: =IF(D85="(연결)","",VLOOKUP(D85,'(44-288)'!D:E,2,0)) -> #N/A | M85: =IF(D85="(연결)","",VLOOKUP(D85,'46-288'!D:E,2,0)) -> #N/A | N85: =IF(D85="(연결)","",VLOOKUP(D85,'46-288-1'!D:E,2,0)) -> #N/A | O85: =IF(D85="(연결)","",VLOOKUP(D85,'46-288-2'!D:E,2,0)) -> #N/A | P85: =IF(D85="(연결)","",VLOOKUP(D85,'(46-288)'!D:E,2,0)) -> #N/A | Q85: =IF(D85="(연결)","",VLOOKUP(D85,'72-72'!D:E,2,0)) -> #N/A | R85: =IF(D85="(연결)","",VLOOKUP(D85,'72-144'!D:E,2,0)) -> #N/A | S85: =IF(D85="(연결)","",VLOOKUP(D85,'73-12'!D:E,2,0)) -> #N/A | T85: =IF(D85="(연결)","",VLOOKUP(D85,'104-12'!D:E,2,0)) -> #N/A | U85: =IF(D85="(연결)","",VLOOKUP(D85,'105-36'!D:E,2,0)) -> #N/A | V85: =IF(D85="(연결)","",VLOOKUP(D85,'105-72'!D:E,2,0)) -> #N/A | W85: =IF(D85="(연결)","",VLOOKUP(D85,'130-72'!D:E,2,0)) -> #N/A | X85: =IF(D85="(연결)","",VLOOKUP(D85,'150-36-2'!D:E,2,0)) -> #N/A | Y85: =IF(D85="(연결)","",VLOOKUP(D85,'166-144'!D:E,2,0)) -> #N/A | Z85: =IF(D85="(연결)","",VLOOKUP(D85,'187-144-2'!D:E,2,0)) -> #N/A | AA85: =IF(D85="(연결)","",VLOOKUP(D85,'201-36'!D:E,2,0)) -> #N/A | AB85: =IF(D85="(연결)","",VLOOKUP(D85,'201-72'!D:E,2,0)) -> #N/A | AC85: =IF(D85="(연결)","",VLOOKUP(D85,'201-72-2'!D:E,2,0)) -> #N/A | AD85: =IF(D85="(연결)","",VLOOKUP(D85,'134-36'!D:E,2,0)) -> #N/A | AE85: 인천간석사옥/인천종합국사(1층)~인천부평국사(뱅크)[INBP] [AMSP#2_INTF 5A_P3 OTU-B] | AF85: N | AH85: 기타 | AI85: 기타 | AR85: 인천간석사옥/인천종합국사(1층) | AW85: 인천부평국사(뱅크)[INBP]
A86: Unit#7 | F86: =IF(D86="(연결)","",VLOOKUP(D86,'115-144'!D:E,2,0)) | G86: =IF(D86="(연결)","",VLOOKUP(D86,'(115-288)'!D:E,2,0)) | H86: =IF(D86="(연결)","",VLOOKUP(D86,'44-144'!D:E,2,0)) | I86: =IF(D86="(연결)","",VLOOKUP(D86,'44-144-1'!D:E,2,0)) | J86: =IF(D86="(연결)","",VLOOKUP(D86,'44-288'!D:E,2,0)) | K86: =IF(D86="(연결)","",VLOOKUP(D86,'44-288-1'!D:E,2,0)) | L86: =IF(D86="(연결)","",VLOOKUP(D86,'(44-288)'!D:E,2,0)) | M86: =IF(D86="(연결)","",VLOOKUP(D86,'46-288'!D:E,2,0)) | O86: =IF(D86="(연결)","",VLOOKUP(D86,'46-288-2'!D:E,2,0)) | P86: =IF(D86="(연결)","",VLOOKUP(D86,'(46-288)'!D:E,2,0)) | Q86: =IF(D86="(연결)","",VLOOKUP(D86,'72-72'!D:E,2,0)) | R86: =IF(D86="(연결)","",VLOOKUP(D86,'72-144'!D:E,2,0)) | S86: =IF(D86="(연결)","",VLOOKUP(D86,'73-12'!D:E,2,0)) | T86: =IF(D86="(연결)","",VLOOKUP(D86,'104-12'!D:E,2,0)) | U86: =IF(D86="(연결)","",VLOOKUP(D86,'105-36'!D:E,2,0)) | V86: =IF(D86="(연결)","",VLOOKUP(D86,'105-72'!D:E,2,0)) | W86: =IF(D86="(연결)","",VLOOKUP(D86,'130-72'!D:E,2,0)) | X86: =IF(D86="(연결)","",VLOOKUP(D86,'150-36-2'!D:E,2,0)) | Y86: =IF(D86="(연결)","",VLOOKUP(D86,'166-144'!D:E,2,0)) | Z86: =IF(D86="(연결)","",VLOOKUP(D86,'187-144-2'!D:E,2,0)) | AA86: =IF(D86="(연결)","",VLOOKUP(D86,'201-36'!D:E,2,0)) | AC86: =IF(D86="(연결)","",VLOOKUP(D86,'201-72-2'!D:E,2,0)) | AD86: =IF(D86="(연결)","",VLOOKUP(D86,'134-36'!D:E,2,0))
A87: 7 | B87: 73 | D87: (연결) | E87: 73 | F87: =IF(D87="(연결)","",VLOOKUP(D87,'115-144'!D:E,2,0)) | G87: =IF(D87="(연결)","",VLOOKUP(D87,'(115-288)'!D:E,2,0)) | H87: =IF(D87="(연결)","",VLOOKUP(D87,'44-144'!D:E,2,0)) | I87: =IF(D87="(연결)","",VLOOKUP(D87,'44-144-1'!D:E,2,0)) | J87: =IF(D87="(연결)","",VLOOKUP(D87,'44-288'!D:E,2,0)) | K87: =IF(D87="(연결)","",VLOOKUP(D87,'44-288-1'!D:E,2,0)) | L87: =IF(D87="(연결)","",VLOOKUP(D87,'(44-288)'!D:E,2,0)) | M87: =IF(D87="(연결)","",VLOOKUP(D87,'46-288'!D:E,2,0)) | O87: =IF(D87="(연결)","",VLOOKUP(D87,'46-288-2'!D:E,2,0)) | P87: =IF(D87="(연결)","",VLOOKUP(D87,'(46-288)'!D:E,2,0)) | Q87: =IF(D87="(연결)","",VLOOKUP(D87,'72-72'!D:E,2,0)) | R87: =IF(D87="(연결)","",VLOOKUP(D87,'72-144'!D:E,2,0)) | S87: =IF(D87="(연결)","",VLOOKUP(D87,'73-12'!D:E,2,0)) | T87: =IF(D87="(연결)","",VLOOKUP(D87,'104-12'!D:E,2,0)) | U87: =IF(D87="(연결)","",VLOOKUP(D87,'105-36'!D:E,2,0)) | V87: =IF(D87="(연결)","",VLOOKUP(D87,'105-72'!D:E,2,0)) | W87: =IF(D87="(연결)","",VLOOKUP(D87,'130-72'!D:E,2,0)) | X87: =IF(D87="(연결)","",VLOOKUP(D87,'150-36-2'!D:E,2,0)) | Y87: =IF(D87="(연결)","",VLOOKUP(D87,'166-144'!D:E,2,0)) | Z87: =IF(D87="(연결)","",VLOOKUP(D87,'187-144-2'!D:E,2,0)) | AA87: =IF(D87="(연결)","",VLOOKUP(D87,'201-36'!D:E,2,0)) | AC87: =IF(D87="(연결)","",VLOOKUP(D87,'201-72-2'!D:E,2,0)) | AD87: =IF(D87="(연결)","",VLOOKUP(D87,'134-36'!D:E,2,0)) | AE87: 인천간석사옥/인천종합국사(1층)~인천부평국사(뱅크)[INBP] | AF87: N
A88: 7 | B88: 74 | D88: (연결) | E88: 74 | F88: =IF(D88="(연결)","",VLOOKUP(D88,'115-144'!D:E,2,0)) | G88: =IF(D88="(연결)","",VLOOKUP(D88,'(115-288)'!D:E,2,0)) | H88: =IF(D88="(연결)","",VLOOKUP(D88,'44-144'!D:E,2,0)) | I88: =IF(D88="(연결)","",VLOOKUP(D88,'44-144-1'!D:E,2,0)) | J88: =IF(D88="(연결)","",VLOOKUP(D88,'44-288'!D:E,2,0)) | K88: =IF(D88="(연결)","",VLOOKUP(D88,'44-288-1'!D:E,2,0)) | L88: =IF(D88="(연결)","",VLOOKUP(D88,'(44-288)'!D:E,2,0)) | M88: =IF(D88="(연결)","",VLOOKUP(D88,'46-288'!D:E,2,0)) | O88: =IF(D88="(연결)","",VLOOKUP(D88,'46-288-2'!D:E,2,0)) | P88: =IF(D88="(연결)","",VLOOKUP(D88,'(46-288)'!D:E,2,0)) | Q88: =IF(D88="(연결)","",VLOOKUP(D88,'72-72'!D:E,2,0)) | R88: =IF(D88="(연결)","",VLOOKUP(D88,'72-144'!D:E,2,0)) | S88: =IF(D88="(연결)","",VLOOKUP(D88,'73-12'!D:E,2,0)) | T88: =IF(D88="(연결)","",VLOOKUP(D88,'104-12'!D:E,2,0)) | U88: =IF(D88="(연결)","",VLOOKUP(D88,'105-36'!D:E,2,0)) | V88: =IF(D88="(연결)","",VLOOKUP(D88,'105-72'!D:E,2,0)) | W88: =IF(D88="(연결)","",VLOOKUP(D88,'130-72'!D:E,2,0)) | X88: =IF(D88="(연결)","",VLOOKUP(D88,'150-36-2'!D:E,2,0)) | Y88: =IF(D88="(연결)","",VLOOKUP(D88,'166-144'!D:E,2,0)) | Z88: =IF(D88="(연결)","",VLOOKUP(D88,'187-144-2'!D:E,2,0)) | AA88: =IF(D88="(연결)","",VLOOKUP(D88,'201-36'!D:E,2,0)) | AC88: =IF(D88="(연결)","",VLOOKUP(D88,'201-72-2'!D:E,2,0)) | AD88: =IF(D88="(연결)","",VLOOKUP(D88,'134-36'!D:E,2,0)) | AE88: 8820C421[8820C415 사각H]~인천부평국사(뱅크)[INBP] | AF88: N
A89: 7 | B89: 75 | D89: (연결) | E89: 75 | F89: =IF(D89="(연결)","",VLOOKUP(D89,'115-144'!D:E,2,0)) | G89: =IF(D89="(연결)","",VLOOKUP(D89,'(115-288)'!D:E,2,0)) | H89: =IF(D89="(연결)","",VLOOKUP(D89,'44-144'!D:E,2,0)) | I89: =IF(D89="(연결)","",VLOOKUP(D89,'44-144-1'!D:E,2,0)) | J89: =IF(D89="(연결)","",VLOOKUP(D89,'44-288'!D:E,2,0)) | K89: =IF(D89="(연결)","",VLOOKUP(D89,'44-288-1'!D:E,2,0)) | L89: =IF(D89="(연결)","",VLOOKUP(D89,'(44-288)'!D:E,2,0)) | M89: =IF(D89="(연결)","",VLOOKUP(D89,'46-288'!D:E,2,0)) | O89: =IF(D89="(연결)","",VLOOKUP(D89,'46-288-2'!D:E,2,0)) | P89: =IF(D89="(연결)","",VLOOKUP(D89,'(46-288)'!D:E,2,0)) | Q89: =IF(D89="(연결)","",VLOOKUP(D89,'72-72'!D:E,2,0)) | R89: =IF(D89="(연결)","",VLOOKUP(D89,'72-144'!D:E,2,0)) | S89: =IF(D89="(연결)","",VLOOKUP(D89,'73-12'!D:E,2,0)) | T89: =IF(D89="(연결)","",VLOOKUP(D89,'104-12'!D:E,2,0)) | U89: =IF(D89="(연결)","",VLOOKUP(D89,'105-36'!D:E,2,0)) | V89: =IF(D89="(연결)","",VLOOKUP(D89,'105-72'!D:E,2,0)) | W89: =IF(D89="(연결)","",VLOOKUP(D89,'130-72'!D:E,2,0)) | X89: =IF(D89="(연결)","",VLOOKUP(D89,'150-36-2'!D:E,2,0)) | Y89: =IF(D89="(연결)","",VLOOKUP(D89,'166-144'!D:E,2,0)) | Z89: =IF(D89="(연결)","",VLOOKUP(D89,'187-144-2'!D:E,2,0)) | AA89: =IF(D89="(연결)","",VLOOKUP(D89,'201-36'!D:E,2,0)) | AC89: =IF(D89="(연결)","",VLOOKUP(D89,'201-72-2'!D:E,2,0)) | AD89: =IF(D89="(연결)","",VLOOKUP(D89,'134-36'!D:E,2,0)) | AE89: 8921W382[8921W382#1]~인천간석사옥/인천종합국사(2층) [INIH] | AF89: N
A90: 7 | B90: 76 | D90: (연결) | E90: 76 | F90: =IF(D90="(연결)","",VLOOKUP(D90,'115-144'!D:E,2,0)) | G90: =IF(D90="(연결)","",VLOOKUP(D90,'(115-288)'!D:E,2,0)) | H90: =IF(D90="(연결)","",VLOOKUP(D90,'44-144'!D:E,2,0)) | I90: =IF(D90="(연결)","",VLOOKUP(D90,'44-144-1'!D:E,2,0)) | J90: =IF(D90="(연결)","",VLOOKUP(D90,'44-288'!D:E,2,0)) | K90: =IF(D90="(연결)","",VLOOKUP(D90,'44-288-1'!D:E,2,0)) | L90: =IF(D90="(연결)","",VLOOKUP(D90,'(44-288)'!D:E,2,0)) | M90: =IF(D90="(연결)","",VLOOKUP(D90,'46-288'!D:E,2,0)) | O90: =IF(D90="(연결)","",VLOOKUP(D90,'46-288-2'!D:E,2,0)) | P90: =IF(D90="(연결)","",VLOOKUP(D90,'(46-288)'!D:E,2,0)) | Q90: =IF(D90="(연결)","",VLOOKUP(D90,'72-72'!D:E,2,0)) | R90: =IF(D90="(연결)","",VLOOKUP(D90,'72-144'!D:E,2,0)) | S90: =IF(D90="(연결)","",VLOOKUP(D90,'73-12'!D:E,2,0)) | T90: =IF(D90="(연결)","",VLOOKUP(D90,'104-12'!D:E,2,0)) | U90: =IF(D90="(연결)","",VLOOKUP(D90,'105-36'!D:E,2,0)) | V90: =IF(D90="(연결)","",VLOOKUP(D90,'105-72'!D:E,2,0)) | W90: =IF(D90="(연결)","",VLOOKUP(D90,'130-72'!D:E,2,0)) | X90: =IF(D90="(연결)","",VLOOKUP(D90,'150-36-2'!D:E,2,0)) | Y90: =IF(D90="(연결)","",VLOOKUP(D90,'166-144'!D:E,2,0)) | Z90: =IF(D90="(연결)","",VLOOKUP(D90,'187-144-2'!D:E,2,0)) | AA90: =IF(D90="(연결)","",VLOOKUP(D90,'201-36'!D:E,2,0)) | AC90: =IF(D90="(연결)","",VLOOKUP(D90,'201-72-2'!D:E,2,0)) | AD90: =IF(D90="(연결)","",VLOOKUP(D90,'134-36'!D:E,2,0)) | AE90: 8921W382[8921W382#1]~인천간석사옥/인천종합국사(2층) [INIH] | AF90: N
A91: 7 | B91: 77 | D91: (연결) | E91: 77 | F91: =IF(D91="(연결)","",VLOOKUP(D91,'115-144'!D:E,2,0)) | G91: =IF(D91="(연결)","",VLOOKUP(D91,'(115-288)'!D:E,2,0)) | H91: =IF(D91="(연결)","",VLOOKUP(D91,'44-144'!D:E,2,0)) | I91: =IF(D91="(연결)","",VLOOKUP(D91,'44-144-1'!D:E,2,0)) | J91: =IF(D91="(연결)","",VLOOKUP(D91,'44-288'!D:E,2,0)) | K91: =IF(D91="(연결)","",VLOOKUP(D91,'44-288-1'!D:E,2,0)) | L91: =IF(D91="(연결)","",VLOOKUP(D91,'(44-288)'!D:E,2,0)) | M91: =IF(D91="(연결)","",VLOOKUP(D91,'46-288'!D:E,2,0)) | O91: =IF(D91="(연결)","",VLOOKUP(D91,'46-288-2'!D:E,2,0)) | P91: =IF(D91="(연결)","",VLOOKUP(D91,'(46-288)'!D:E,2,0)) | Q91: =IF(D91="(연결)","",VLOOKUP(D91,'72-72'!D:E,2,0)) | R91: =IF(D91="(연결)","",VLOOKUP(D91,'72-144'!D:E,2,0)) | S91: =IF(D91="(연결)","",VLOOKUP(D91,'73-12'!D:E,2,0)) | T91: =IF(D91="(연결)","",VLOOKUP(D91,'104-12'!D:E,2,0)) | U91: =IF(D91="(연결)","",VLOOKUP(D91,'105-36'!D:E,2,0)) | V91: =IF(D91="(연결)","",VLOOKUP(D91,'105-72'!D:E,2,0)) | W91: =IF(D91="(연결)","",VLOOKUP(D91,'130-72'!D:E,2,0)) | X91: =IF(D91="(연결)","",VLOOKUP(D91,'150-36-2'!D:E,2,0)) | Y91: =IF(D91="(연결)","",VLOOKUP(D91,'166-144'!D:E,2,0)) | Z91: =IF(D91="(연결)","",VLOOKUP(D91,'187-144-2'!D:E,2,0)) | AA91: =IF(D91="(연결)","",VLOOKUP(D91,'201-36'!D:E,2,0)) | AC91: =IF(D91="(연결)","",VLOOKUP(D91,'201-72-2'!D:E,2,0)) | AD91: =IF(D91="(연결)","",VLOOKUP(D91,'134-36'!D:E,2,0)) | AE91: 인천간석사옥/인천종합국사(1층)~8820P291[8720P291] | AF91: N
A92: 7 | B92: 78 | D92: (연결) | E92: 78 | F92: =IF(D92="(연결)","",VLOOKUP(D92,'115-144'!D:E,2,0)) | G92: =IF(D92="(연결)","",VLOOKUP(D92,'(115-288)'!D:E,2,0)) | H92: =IF(D92="(연결)","",VLOOKUP(D92,'44-144'!D:E,2,0)) | I92: =IF(D92="(연결)","",VLOOKUP(D92,'44-144-1'!D:E,2,0)) | J92: =IF(D92="(연결)","",VLOOKUP(D92,'44-288'!D:E,2,0)) | K92: =IF(D92="(연결)","",VLOOKUP(D92,'44-288-1'!D:E,2,0)) | L92: =IF(D92="(연결)","",VLOOKUP(D92,'(44-288)'!D:E,2,0)) | M92: =IF(D92="(연결)","",VLOOKUP(D92,'46-288'!D:E,2,0)) | O92: =IF(D92="(연결)","",VLOOKUP(D92,'46-288-2'!D:E,2,0)) | P92: =IF(D92="(연결)","",VLOOKUP(D92,'(46-288)'!D:E,2,0)) | Q92: =IF(D92="(연결)","",VLOOKUP(D92,'72-72'!D:E,2,0)) | R92: =IF(D92="(연결)","",VLOOKUP(D92,'72-144'!D:E,2,0)) | S92: =IF(D92="(연결)","",VLOOKUP(D92,'73-12'!D:E,2,0)) | T92: =IF(D92="(연결)","",VLOOKUP(D92,'104-12'!D:E,2,0)) | U92: =IF(D92="(연결)","",VLOOKUP(D92,'105-36'!D:E,2,0)) | V92: =IF(D92="(연결)","",VLOOKUP(D92,'105-72'!D:E,2,0)) | W92: =IF(D92="(연결)","",VLOOKUP(D92,'130-72'!D:E,2,0)) | X92: =IF(D92="(연결)","",VLOOKUP(D92,'150-36-2'!D:E,2,0)) | Y92: =IF(D92="(연결)","",VLOOKUP(D92,'166-144'!D:E,2,0)) | Z92: =IF(D92="(연결)","",VLOOKUP(D92,'187-144-2'!D:E,2,0)) | AA92: =IF(D92="(연결)","",VLOOKUP(D92,'201-36'!D:E,2,0)) | AC92: =IF(D92="(연결)","",VLOOKUP(D92,'201-72-2'!D:E,2,0)) | AD92: =IF(D92="(연결)","",VLOOKUP(D92,'134-36'!D:E,2,0)) | AE92: 인천간석사옥/인천종합국사(1층)~8820P291[8720P291] | AF92: N
A93: 7 | B93: 79 | C93: (해지)운영중(OK) | D93: 5352198 | E93: 79 | F93: =IF(D93="(연결)","",VLOOKUP(D93,'115-144'!D:E,2,0)) -> 79 | G93: =IF(D93="(연결)","",VLOOKUP(D93,'(115-288)'!D:E,2,0)) -> 79 | H93: =IF(D93="(연결)","",VLOOKUP(D93,'44-144'!D:E,2,0)) -> #N/A | I93: =IF(D93="(연결)","",VLOOKUP(D93,'44-144-1'!D:E,2,0)) -> #N/A | J93: =IF(D93="(연결)","",VLOOKUP(D93,'44-288'!D:E,2,0)) -> #N/A | K93: =IF(D93="(연결)","",VLOOKUP(D93,'44-288-1'!D:E,2,0)) -> #N/A | L93: =IF(D93="(연결)","",VLOOKUP(D93,'(44-288)'!D:E,2,0)) -> #N/A | M93: =IF(D93="(연결)","",VLOOKUP(D93,'46-288'!D:E,2,0)) -> #N/A | N93: =IF(D93="(연결)","",VLOOKUP(D93,'46-288-1'!D:E,2,0)) -> #N/A | O93: =IF(D93="(연결)","",VLOOKUP(D93,'46-288-2'!D:E,2,0)) -> #N/A | P93: =IF(D93="(연결)","",VLOOKUP(D93,'(46-288)'!D:E,2,0)) -> #N/A | Q93: =IF(D93="(연결)","",VLOOKUP(D93,'72-72'!D:E,2,0)) -> #N/A | R93: =IF(D93="(연결)","",VLOOKUP(D93,'72-144'!D:E,2,0)) -> #N/A | S93: =IF(D93="(연결)","",VLOOKUP(D93,'73-12'!D:E,2,0)) -> #N/A | T93: =IF(D93="(연결)","",VLOOKUP(D93,'104-12'!D:E,2,0)) -> #N/A | U93: =IF(D93="(연결)","",VLOOKUP(D93,'105-36'!D:E,2,0)) -> #N/A | V93: =IF(D93="(연결)","",VLOOKUP(D93,'105-72'!D:E,2,0)) -> #N/A | W93: =IF(D93="(연결)","",VLOOKUP(D93,'130-72'!D:E,2,0)) -> #N/A | X93: =IF(D93="(연결)","",VLOOKUP(D93,'150-36-2'!D:E,2,0)) -> #N/A | Y93: =IF(D93="(연결)","",VLOOKUP(D93,'166-144'!D:E,2,0)) -> #N/A | Z93: =IF(D93="(연결)","",VLOOKUP(D93,'187-144-2'!D:E,2,0)) -> #N/A | AA93: =IF(D93="(연결)","",VLOOKUP(D93,'201-36'!D:E,2,0)) -> #N/A | AB93: =IF(D93="(연결)","",VLOOKUP(D93,'201-72'!D:E,2,0)) -> #N/A | AC93: =IF(D93="(연결)","",VLOOKUP(D93,'201-72-2'!D:E,2,0)) -> #N/A | AD93: =IF(D93="(연결)","",VLOOKUP(D93,'134-36'!D:E,2,0)) -> #N/A | AE93: 인천간석사옥/인천종합국사(1층)~간석3동 남동e클레스학원(금옥빌딩 5층_4840229) [P3608] | AF93: N | AH93: 기타 | AI93: 기타 | AR93: 인천간석사옥/인천종합국사(1층) | AS93: P8124XG | AT93: 인천종합 P8124#16-SME | AU93: 인천종합 P8124#16-SME | AV93: 8 | AW93: 간석3동 남동e클레스학원(금옥빌딩 5층_4840229) | AX93: P3608FG | AY93: 4840229_남동e클레스학원 | AZ93: 4840229_남동e클레스학원
A94: 7 | B94: 80 | C94: (해지)운영중(OK) | D94: 5352199 | E94: 80 | F94: =IF(D94="(연결)","",VLOOKUP(D94,'115-144'!D:E,2,0)) -> 80 | G94: =IF(D94="(연결)","",VLOOKUP(D94,'(115-288)'!D:E,2,0)) -> 80 | H94: =IF(D94="(연결)","",VLOOKUP(D94,'44-144'!D:E,2,0)) -> #N/A | I94: =IF(D94="(연결)","",VLOOKUP(D94,'44-144-1'!D:E,2,0)) -> #N/A | J94: =IF(D94="(연결)","",VLOOKUP(D94,'44-288'!D:E,2,0)) -> #N/A | K94: =IF(D94="(연결)","",VLOOKUP(D94,'44-288-1'!D:E,2,0)) -> #N/A | L94: =IF(D94="(연결)","",VLOOKUP(D94,'(44-288)'!D:E,2,0)) -> #N/A | M94: =IF(D94="(연결)","",VLOOKUP(D94,'46-288'!D:E,2,0)) -> #N/A | N94: =IF(D94="(연결)","",VLOOKUP(D94,'46-288-1'!D:E,2,0)) -> #N/A | O94: =IF(D94="(연결)","",VLOOKUP(D94,'46-288-2'!D:E,2,0)) -> #N/A | P94: =IF(D94="(연결)","",VLOOKUP(D94,'(46-288)'!D:E,2,0)) -> #N/A | Q94: =IF(D94="(연결)","",VLOOKUP(D94,'72-72'!D:E,2,0)) -> #N/A | R94: =IF(D94="(연결)","",VLOOKUP(D94,'72-144'!D:E,2,0)) -> #N/A | S94: =IF(D94="(연결)","",VLOOKUP(D94,'73-12'!D:E,2,0)) -> #N/A | T94: =IF(D94="(연결)","",VLOOKUP(D94,'104-12'!D:E,2,0)) -> #N/A | U94: =IF(D94="(연결)","",VLOOKUP(D94,'105-36'!D:E,2,0)) -> #N/A | V94: =IF(D94="(연결)","",VLOOKUP(D94,'105-72'!D:E,2,0)) -> #N/A | W94: =IF(D94="(연결)","",VLOOKUP(D94,'130-72'!D:E,2,0)) -> #N/A | X94: =IF(D94="(연결)","",VLOOKUP(D94,'150-36-2'!D:E,2,0)) -> #N/A | Y94: =IF(D94="(연결)","",VLOOKUP(D94,'166-144'!D:E,2,0)) -> #N/A | Z94: =IF(D94="(연결)","",VLOOKUP(D94,'187-144-2'!D:E,2,0)) -> #N/A | AA94: =IF(D94="(연결)","",VLOOKUP(D94,'201-36'!D:E,2,0)) -> #N/A | AB94: =IF(D94="(연결)","",VLOOKUP(D94,'201-72'!D:E,2,0)) -> #N/A | AC94: =IF(D94="(연결)","",VLOOKUP(D94,'201-72-2'!D:E,2,0)) -> #N/A | AD94: =IF(D94="(연결)","",VLOOKUP(D94,'134-36'!D:E,2,0)) -> #N/A | AE94: 인천간석사옥/인천종합국사(1층)~간석3동 남동e클레스학원(금옥빌딩 5층_4840229) [P3608] | AF94: N | AH94: 기타 | AI94: 기타 | AR94: 인천간석사옥/인천종합국사(1층) | AS94: P3608FG | AT94: 4840229_남동e클레스학원 | AU94: 4840229_남동e클레스학원 | AW94: 간석3동 남동e클레스학원(금옥빌딩 5층_4840229) | AX94: P8124XG | AY94: 인천종합 P8124#16-SME | AZ94: 인천종합 P8124#16-SME | BA94: 8
A95: 7 | B95: 81 | E95: 81 | F95: =IF(D95="(연결)","",VLOOKUP(D95,'115-144'!D:E,2,0)) | G95: =IF(D95="(연결)","",VLOOKUP(D95,'(115-288)'!D:E,2,0)) | H95: =IF(D95="(연결)","",VLOOKUP(D95,'44-144'!D:E,2,0)) | I95: =IF(D95="(연결)","",VLOOKUP(D95,'44-144-1'!D:E,2,0)) | J95: =IF(D95="(연결)","",VLOOKUP(D95,'44-288'!D:E,2,0)) | K95: =IF(D95="(연결)","",VLOOKUP(D95,'44-288-1'!D:E,2,0)) | L95: =IF(D95="(연결)","",VLOOKUP(D95,'(44-288)'!D:E,2,0)) | M95: =IF(D95="(연결)","",VLOOKUP(D95,'46-288'!D:E,2,0)) | O95: =IF(D95="(연결)","",VLOOKUP(D95,'46-288-2'!D:E,2,0)) | P95: =IF(D95="(연결)","",VLOOKUP(D95,'(46-288)'!D:E,2,0)) | Q95: =IF(D95="(연결)","",VLOOKUP(D95,'72-72'!D:E,2,0)) | R95: =IF(D95="(연결)","",VLOOKUP(D95,'72-144'!D:E,2,0)) | S95: =IF(D95="(연결)","",VLOOKUP(D95,'73-12'!D:E,2,0)) | T95: =IF(D95="(연결)","",VLOOKUP(D95,'104-12'!D:E,2,0)) | U95: =IF(D95="(연결)","",VLOOKUP(D95,'105-36'!D:E,2,0)) | V95: =IF(D95="(연결)","",VLOOKUP(D95,'105-72'!D:E,2,0)) | W95: =IF(D95="(연결)","",VLOOKUP(D95,'130-72'!D:E,2,0)) | X95: =IF(D95="(연결)","",VLOOKUP(D95,'150-36-2'!D:E,2,0)) | Y95: =IF(D95="(연결)","",VLOOKUP(D95,'166-144'!D:E,2,0)) | Z95: =IF(D95="(연결)","",VLOOKUP(D95,'187-144-2'!D:E,2,0)) | AA95: =IF(D95="(연결)","",VLOOKUP(D95,'201-36'!D:E,2,0)) | AC95: =IF(D95="(연결)","",VLOOKUP(D95,'201-72-2'!D:E,2,0)) | AD95: =IF(D95="(연결)","",VLOOKUP(D95,'134-36'!D:E,2,0)) | AF95: N
A96: 7 | B96: 82 | E96: 82 | F96: =IF(D96="(연결)","",VLOOKUP(D96,'115-144'!D:E,2,0)) | G96: =IF(D96="(연결)","",VLOOKUP(D96,'(115-288)'!D:E,2,0)) | H96: =IF(D96="(연결)","",VLOOKUP(D96,'44-144'!D:E,2,0)) | I96: =IF(D96="(연결)","",VLOOKUP(D96,'44-144-1'!D:E,2,0)) | J96: =IF(D96="(연결)","",VLOOKUP(D96,'44-288'!D:E,2,0)) | K96: =IF(D96="(연결)","",VLOOKUP(D96,'44-288-1'!D:E,2,0)) | L96: =IF(D96="(연결)","",VLOOKUP(D96,'(44-288)'!D:E,2,0)) | M96: =IF(D96="(연결)","",VLOOKUP(D96,'46-288'!D:E,2,0)) | O96: =IF(D96="(연결)","",VLOOKUP(D96,'46-288-2'!D:E,2,0)) | P96: =IF(D96="(연결)","",VLOOKUP(D96,'(46-288)'!D:E,2,0)) | Q96: =IF(D96="(연결)","",VLOOKUP(D96,'72-72'!D:E,2,0)) | R96: =IF(D96="(연결)","",VLOOKUP(D96,'72-144'!D:E,2,0)) | S96: =IF(D96="(연결)","",VLOOKUP(D96,'73-12'!D:E,2,0)) | T96: =IF(D96="(연결)","",VLOOKUP(D96,'104-12'!D:E,2,0)) | U96: =IF(D96="(연결)","",VLOOKUP(D96,'105-36'!D:E,2,0)) | V96: =IF(D96="(연결)","",VLOOKUP(D96,'105-72'!D:E,2,0)) | W96: =IF(D96="(연결)","",VLOOKUP(D96,'130-72'!D:E,2,0)) | X96: =IF(D96="(연결)","",VLOOKUP(D96,'150-36-2'!D:E,2,0)) | Y96: =IF(D96="(연결)","",VLOOKUP(D96,'166-144'!D:E,2,0)) | Z96: =IF(D96="(연결)","",VLOOKUP(D96,'187-144-2'!D:E,2,0)) | AA96: =IF(D96="(연결)","",VLOOKUP(D96,'201-36'!D:E,2,0)) | AC96: =IF(D96="(연결)","",VLOOKUP(D96,'201-72-2'!D:E,2,0)) | AD96: =IF(D96="(연결)","",VLOOKUP(D96,'134-36'!D:E,2,0)) | AF96: N
A97: 7 | B97: 83 | C97: 운영중(OK) | D97: 12077082 | E97: 83 | F97: =IF(D97="(연결)","",VLOOKUP(D97,'115-144'!D:E,2,0)) -> 83 | G97: =IF(D97="(연결)","",VLOOKUP(D97,'(115-288)'!D:E,2,0)) -> 83 | H97: =IF(D97="(연결)","",VLOOKUP(D97,'44-144'!D:E,2,0)) -> #N/A | I97: =IF(D97="(연결)","",VLOOKUP(D97,'44-144-1'!D:E,2,0)) -> #N/A | J97: =IF(D97="(연결)","",VLOOKUP(D97,'44-288'!D:E,2,0)) -> #N/A | K97: =IF(D97="(연결)","",VLOOKUP(D97,'44-288-1'!D:E,2,0)) -> #N/A | L97: =IF(D97="(연결)","",VLOOKUP(D97,'(44-288)'!D:E,2,0)) -> #N/A | M97: =IF(D97="(연결)","",VLOOKUP(D97,'46-288'!D:E,2,0)) -> #N/A | N97: =IF(D97="(연결)","",VLOOKUP(D97,'46-288-1'!D:E,2,0)) -> #N/A | O97: =IF(D97="(연결)","",VLOOKUP(D97,'46-288-2'!D:E,2,0)) -> #N/A | P97: =IF(D97="(연결)","",VLOOKUP(D97,'(46-288)'!D:E,2,0)) -> #N/A | Q97: =IF(D97="(연결)","",VLOOKUP(D97,'72-72'!D:E,2,0)) -> #N/A | R97: =IF(D97="(연결)","",VLOOKUP(D97,'72-144'!D:E,2,0)) -> #N/A | S97: =IF(D97="(연결)","",VLOOKUP(D97,'73-12'!D:E,2,0)) -> #N/A | T97: =IF(D97="(연결)","",VLOOKUP(D97,'104-12'!D:E,2,0)) -> #N/A | U97: =IF(D97="(연결)","",VLOOKUP(D97,'105-36'!D:E,2,0)) -> #N/A | V97: =IF(D97="(연결)","",VLOOKUP(D97,'105-72'!D:E,2,0)) -> #N/A | W97: =IF(D97="(연결)","",VLOOKUP(D97,'130-72'!D:E,2,0)) -> #N/A | X97: =IF(D97="(연결)","",VLOOKUP(D97,'150-36-2'!D:E,2,0)) -> #N/A | Y97: =IF(D97="(연결)","",VLOOKUP(D97,'166-144'!D:E,2,0)) -> #N/A | Z97: =IF(D97="(연결)","",VLOOKUP(D97,'187-144-2'!D:E,2,0)) -> #N/A | AA97: =IF(D97="(연결)","",VLOOKUP(D97,'201-36'!D:E,2,0)) -> #N/A | AB97: =IF(D97="(연결)","",VLOOKUP(D97,'201-72'!D:E,2,0)) -> #N/A | AC97: =IF(D97="(연결)","",VLOOKUP(D97,'201-72-2'!D:E,2,0)) -> #N/A | AD97: =IF(D97="(연결)","",VLOOKUP(D97,'134-36'!D:E,2,0)) -> #N/A | AE97: 인천간석사옥/인천종합국사(1층)~[중] 간석동 1-406_옥탑 [1900419600_[중]간석동 1-406옥상] | AF97: N | AH97: 기타 | AI97: 기타 | AR97: 인천간석사옥/인천종합국사(1층) | AW97: [중] 간석동 1-406_옥탑
A98: 7 | B98: 84 | C98: 운영중(OK) | D98: 12077085 | E98: 84 | F98: =IF(D98="(연결)","",VLOOKUP(D98,'115-144'!D:E,2,0)) -> 84 | G98: =IF(D98="(연결)","",VLOOKUP(D98,'(115-288)'!D:E,2,0)) -> 84 | H98: =IF(D98="(연결)","",VLOOKUP(D98,'44-144'!D:E,2,0)) -> #N/A | I98: =IF(D98="(연결)","",VLOOKUP(D98,'44-144-1'!D:E,2,0)) -> #N/A | J98: =IF(D98="(연결)","",VLOOKUP(D98,'44-288'!D:E,2,0)) -> #N/A | K98: =IF(D98="(연결)","",VLOOKUP(D98,'44-288-1'!D:E,2,0)) -> #N/A | L98: =IF(D98="(연결)","",VLOOKUP(D98,'(44-288)'!D:E,2,0)) -> #N/A | M98: =IF(D98="(연결)","",VLOOKUP(D98,'46-288'!D:E,2,0)) -> #N/A | N98: =IF(D98="(연결)","",VLOOKUP(D98,'46-288-1'!D:E,2,0)) -> #N/A | O98: =IF(D98="(연결)","",VLOOKUP(D98,'46-288-2'!D:E,2,0)) -> #N/A | P98: =IF(D98="(연결)","",VLOOKUP(D98,'(46-288)'!D:E,2,0)) -> #N/A | Q98: =IF(D98="(연결)","",VLOOKUP(D98,'72-72'!D:E,2,0)) -> #N/A | R98: =IF(D98="(연결)","",VLOOKUP(D98,'72-144'!D:E,2,0)) -> #N/A | S98: =IF(D98="(연결)","",VLOOKUP(D98,'73-12'!D:E,2,0)) -> #N/A | T98: =IF(D98="(연결)","",VLOOKUP(D98,'104-12'!D:E,2,0)) -> #N/A | U98: =IF(D98="(연결)","",VLOOKUP(D98,'105-36'!D:E,2,0)) -> #N/A | V98: =IF(D98="(연결)","",VLOOKUP(D98,'105-72'!D:E,2,0)) -> #N/A | W98: =IF(D98="(연결)","",VLOOKUP(D98,'130-72'!D:E,2,0)) -> #N/A | X98: =IF(D98="(연결)","",VLOOKUP(D98,'150-36-2'!D:E,2,0)) -> #N/A | Y98: =IF(D98="(연결)","",VLOOKUP(D98,'166-144'!D:E,2,0)) -> #N/A | Z98: =IF(D98="(연결)","",VLOOKUP(D98,'187-144-2'!D:E,2,0)) -> #N/A | AA98: =IF(D98="(연결)","",VLOOKUP(D98,'201-36'!D:E,2,0)) -> #N/A | AB98: =IF(D98="(연결)","",VLOOKUP(D98,'201-72'!D:E,2,0)) -> #N/A | AC98: =IF(D98="(연결)","",VLOOKUP(D98,'201-72-2'!D:E,2,0)) -> #N/A | AD98: =IF(D98="(연결)","",VLOOKUP(D98,'134-36'!D:E,2,0)) -> #N/A | AE98: 인천간석사옥/인천종합국사(1층)~[중] 간석동 1-406_옥탑 [1900419600_[중]간석동 1-406옥상] | AF98: N | AH98: 기타 | AI98: 기타 | AR98: 인천간석사옥/인천종합국사(1층) | AW98: [중] 간석동 1-406_옥탑
